Workbook

Sheet Recordatorios Programados
A1: Panel visual de recordatorios programados por casa
A2: MODO PRUEBA: la columna Hora permite seleccionar cualquier minuto del dÃ­a. Cuando termines, ejecuta CambiarHorasModoHorasFijas.ps1 para volver a horas fijas.
A4: Casa / Grupo exacto | B4: Categoría | C4: Lun | D4: Mar | E4: Mié | F4: Jue | G4: Vie | H4: Sáb | I4: Dom | J4: Hora | K4: Activo | L4: Enviar manual | M4: Estado | N4: Último envío | O4: Próximo envío | P4: Mensaje | Q4: Notas
A5: CASA / GRUPO: ACME Residence 001
A6: ACME Residence 001 | B6: Limpieza y orden | C6: FALSE | D6: FALSE | E6: FALSE | F6: FALSE | G6: FALSE | H6: FALSE | I6: FALSE | K6: SI | L6: NO | M6: PENDING | O6: {=_xlfn.LET(_xlpm.activo,K6,_xlpm.horaTxt,J6,_xlpm.base,TODAY(),_xlpm.fechas,_xlpm.base+_xlfn.SEQUENCE(180,,0),_xlpm.hora,IF(ISNUMBER(_xlpm.horaTxt),_xlpm.horaTxt,IFERROR(TIMEVALUE(SUBSTITUTE(_xlpm.horaTxt," hrs","")),TIME(9,0,0))),_xlpm.dias,(C6*(WEEKDAY(_xlpm.fechas,2)=1))+(D6*(WEEKDAY(_xlpm.fechas,2)=2))+(E6*(WEEKDAY(_xlpm.fechas,2)=3))+(F6*(WEEKDAY(_xlpm.fechas,2)=4))+(G6*(WEEKDAY(_xlpm.fechas,2)=5))+(H6*(WEEKDAY(_xlpm.fechas,2)=6))+(I6*(WEEKDAY(_xlpm.fechas,2)=7)),_xlpm.validas,_xlfn._xlws.FILTER(_xlpm.fechas,(_xlpm.dias>0)*((_xlpm.fechas+_xlpm.hora)>=(NOW()-TIME(0,3,0)))),_xlpm.prox,_xlfn.TAKE(_xlpm.validas,4),IF(_xlpm.activo<>"SI","Inactivo",IF(SUMPRODUCT(--C6:I6)=0,"Manual / cuando aplique",_xlfn.TEXTJOIN(CHAR(10),TRUE,_xlfn.MAP(_xlpm.prox,_xlfn.LAMBDA(_xlpm.f,CHOOSE(WEEKDAY(_xlpm.f),"domingo","lunes","martes","miércoles","jueves","viernes","sábado")&" "&TEXT(_xlpm.f,"dd")&"/"&CHOOSE(MONTH(_xlpm.f),"Ene","Feb","Mar","Abr","May","Jun","Jul","Ago","Sep","Oct","Nov","Dic")&"/"&TEXT(_xlpm.f,"yyyy")&" "&TEXT(_xlpm.hora,"hh:mm")&" hrs"))))))} -> Manual / cuando aplique | P6: Buenos días chicos,_x000D_ _x000D_ Como recordatorio, les pido de su amable apoyo para:_x000D_ _x000D_ * Lavar, secar y guardar los trastes que utilicen._x000D_ * Barrer la cocina y dejarla limpia para que la siguiente persona la encuentre en las mismas condiciones._x000D_ * Apagar todas las luces que no estén utilizando._x000D_ * Colocar las sillas del comedor en su lugar después de usarlas._x000D_ _x000D_ Muchas gracias por su colaboración para mantener la casa limpia y ordenada.
A7: ACME Residence 001 | B7: Lavandería - horario | C7: TRUE | D7: FALSE | E7: FALSE | F7: TRUE | G7: FALSE | H7: FALSE | I7: FALSE | J7: 19:00 hrs | K7: SI | L7: NO | M7: PENDING | O7: {=_xlfn.LET(_xlpm.activo,K7,_xlpm.horaTxt,J7,_xlpm.base,TODAY(),_xlpm.fechas,_xlpm.base+_xlfn.SEQUENCE(180,,0),_xlpm.hora,IF(ISNUMBER(_xlpm.horaTxt),_xlpm.horaTxt,IFERROR(TIMEVALUE(SUBSTITUTE(_xlpm.horaTxt," hrs","")),TIME(9,0,0))),_xlpm.dias,(C7*(WEEKDAY(_xlpm.fechas,2)=1))+(D7*(WEEKDAY(_xlpm.fechas,2)=2))+(E7*(WEEKDAY(_xlpm.fechas,2)=3))+(F7*(WEEKDAY(_xlpm.fechas,2)=4))+(G7*(WEEKDAY(_xlpm.fechas,2)=5))+(H7*(WEEKDAY(_xlpm.fechas,2)=6))+(I7*(WEEKDAY(_xlpm.fechas,2)=7)),_xlpm.validas,_xlfn._xlws.FILTER(_xlpm.fechas,(_xlpm.dias>0)*((_xlpm.fechas+_xlpm.hora)>=(NOW()-TIME(0,3,0)))),_xlpm.prox,_xlfn.TAKE(_xlpm.validas,4),IF(_xlpm.activo<>"SI","Inactivo",IF(SUMPRODUCT(--C7:I7)=0,"Manual / cuando aplique",_xlfn.TEXTJOIN(CHAR(10),TRUE,_xlfn.MAP(_xlpm.prox,_xlfn.LAMBDA(_xlpm.f,CHOOSE(WEEKDAY(_xlpm.f),"domingo","lunes","martes","miércoles","jueves","viernes","sábado")&" "&TEXT(_xlpm.f,"dd")&"/"&CHOOSE(MONTH(_xlpm.f),"Ene","Feb","Mar","Abr","May","Jun","Jul","Ago","Sep","Oct","Nov","Dic")&"/"&TEXT(_xlpm.f,"yyyy")&" "&TEXT(_xlpm.hora,"hh:mm")&" hrs"))))))} -> lunes 13/Jul/2026 19:00 hrs jueves 16/Jul/2026 19:00 hrs lunes 20/Jul/2026 19:00 hrs jueves 23/Jul/2026 19:00 hrs | P7: Buenas tardes, chicos._x000D_ _x000D_ Solo para confirmarles que el horario de lavado ya está disponible. Pueden utilizar la lavandería de 7:00 p. m. a 10:30 p. m._x000D_ _x000D_ Gracias.
A8: ACME Residence 001 | B8: Lavandería - filtro secadora | C8: TRUE | D8: FALSE | E8: FALSE | F8: TRUE | G8: FALSE | H8: FALSE | I8: FALSE | J8: 20:00 hrs | K8: SI | L8: NO | M8: PENDING | O8: {=_xlfn.LET(_xlpm.activo,K8,_xlpm.horaTxt,J8,_xlpm.base,TODAY(),_xlpm.fechas,_xlpm.base+_xlfn.SEQUENCE(180,,0),_xlpm.hora,IF(ISNUMBER(_xlpm.horaTxt),_xlpm.horaTxt,IFERROR(TIMEVALUE(SUBSTITUTE(_xlpm.horaTxt," hrs","")),TIME(9,0,0))),_xlpm.dias,(C8*(WEEKDAY(_xlpm.fechas,2)=1))+(D8*(WEEKDAY(_xlpm.fechas,2)=2))+(E8*(WEEKDAY(_xlpm.fechas,2)=3))+(F8*(WEEKDAY(_xlpm.fechas,2)=4))+(G8*(WEEKDAY(_xlpm.fechas,2)=5))+(H8*(WEEKDAY(_xlpm.fechas,2)=6))+(I8*(WEEKDAY(_xlpm.fechas,2)=7)),_xlpm.validas,_xlfn._xlws.FILTER(_xlpm.fechas,(_xlpm.dias>0)*((_xlpm.fechas+_xlpm.hora)>=(NOW()-TIME(0,3,0)))),_xlpm.prox,_xlfn.TAKE(_xlpm.validas,4),IF(_xlpm.activo<>"SI","Inactivo",IF(SUMPRODUCT(--C8:I8)=0,"Manual / cuando aplique",_xlfn.TEXTJOIN(CHAR(10),TRUE,_xlfn.MAP(_xlpm.prox,_xlfn.LAMBDA(_xlpm.f,CHOOSE(WEEKDAY(_xlpm.f),"domingo","lunes","martes","miércoles","jueves","viernes","sábado")&" "&TEXT(_xlpm.f,"dd")&"/"&CHOOSE(MONTH(_xlpm.f),"Ene","Feb","Mar","Abr","May","Jun","Jul","Ago","Sep","Oct","Nov","Dic")&"/"&TEXT(_xlpm.f,"yyyy")&" "&TEXT(_xlpm.hora,"hh:mm")&" hrs"))))))} -> lunes 13/Jul/2026 20:00 hrs jueves 16/Jul/2026 20:00 hrs lunes 20/Jul/2026 20:00 hrs jueves 23/Jul/2026 20:00 hrs | P8: Como recordatorio, les pido que después de utilizar la secadora limpien el filtro. Es importante cuidarla para mantenerla en buen funcionamiento y evitar daños._x000D_ _x000D_ Gracias por su apoyo.
A9: ACME Residence 001 | B9: Estufa y luces | C9: FALSE | D9: TRUE | E9: FALSE | F9: TRUE | G9: FALSE | H9: FALSE | I9: FALSE | J9: 21:00 hrs | K9: SI | L9: NO | M9: PENDING | O9: {=_xlfn.LET(_xlpm.activo,K9,_xlpm.horaTxt,J9,_xlpm.base,TODAY(),_xlpm.fechas,_xlpm.base+_xlfn.SEQUENCE(180,,0),_xlpm.hora,IF(ISNUMBER(_xlpm.horaTxt),_xlpm.horaTxt,IFERROR(TIMEVALUE(SUBSTITUTE(_xlpm.horaTxt," hrs","")),TIME(9,0,0))),_xlpm.dias,(C9*(WEEKDAY(_xlpm.fechas,2)=1))+(D9*(WEEKDAY(_xlpm.fechas,2)=2))+(E9*(WEEKDAY(_xlpm.fechas,2)=3))+(F9*(WEEKDAY(_xlpm.fechas,2)=4))+(G9*(WEEKDAY(_xlpm.fechas,2)=5))+(H9*(WEEKDAY(_xlpm.fechas,2)=6))+(I9*(WEEKDAY(_xlpm.fechas,2)=7)),_xlpm.validas,_xlfn._xlws.FILTER(_xlpm.fechas,(_xlpm.dias>0)*((_xlpm.fechas+_xlpm.hora)>=(NOW()-TIME(0,3,0)))),_xlpm.prox,_xlfn.TAKE(_xlpm.validas,4),IF(_xlpm.activo<>"SI","Inactivo",IF(SUMPRODUCT(--C9:I9)=0,"Manual / cuando aplique",_xlfn.TEXTJOIN(CHAR(10),TRUE,_xlfn.MAP(_xlpm.prox,_xlfn.LAMBDA(_xlpm.f,CHOOSE(WEEKDAY(_xlpm.f),"domingo","lunes","martes","miércoles","jueves","viernes","sábado")&" "&TEXT(_xlpm.f,"dd")&"/"&CHOOSE(MONTH(_xlpm.f),"Ene","Feb","Mar","Abr","May","Jun","Jul","Ago","Sep","Oct","Nov","Dic")&"/"&TEXT(_xlpm.f,"yyyy")&" "&TEXT(_xlpm.hora,"hh:mm")&" hrs"))))))} -> martes 14/Jul/2026 21:00 hrs jueves 16/Jul/2026 21:00 hrs martes 21/Jul/2026 21:00 hrs jueves 23/Jul/2026 21:00 hrs | P9: Buenas noches a todos, chicos._x000D_ _x000D_ Como recordatorio, les pido que antes de dormir verifiquen que la estufa esté completamente apagada para evitar accidentes. Asimismo, favor de apagar todas las luces que no se estén utilizando._x000D_ _x000D_ Gracias por su apoyo y que tengan una excelente noche.
A10: ACME Residence 001 | B10: Ruido fin de semana | C10: FALSE | D10: FALSE | E10: FALSE | F10: FALSE | G10: FALSE | H10: TRUE | I10: FALSE | J10: 21:00 hrs | K10: SI | L10: NO | M10: PENDING | O10: {=_xlfn.LET(_xlpm.activo,K10,_xlpm.horaTxt,J10,_xlpm.base,TODAY(),_xlpm.fechas,_xlpm.base+_xlfn.SEQUENCE(180,,0),_xlpm.hora,IF(ISNUMBER(_xlpm.horaTxt),_xlpm.horaTxt,IFERROR(TIMEVALUE(SUBSTITUTE(_xlpm.horaTxt," hrs","")),TIME(9,0,0))),_xlpm.dias,(C10*(WEEKDAY(_xlpm.fechas,2)=1))+(D10*(WEEKDAY(_xlpm.fechas,2)=2))+(E10*(WEEKDAY(_xlpm.fechas,2)=3))+(F10*(WEEKDAY(_xlpm.fechas,2)=4))+(G10*(WEEKDAY(_xlpm.fechas,2)=5))+(H10*(WEEKDAY(_xlpm.fechas,2)=6))+(I10*(WEEKDAY(_xlpm.fechas,2)=7)),_xlpm.validas,_xlfn._xlws.FILTER(_xlpm.fechas,(_xlpm.dias>0)*((_xlpm.fechas+_xlpm.hora)>=(NOW()-TIME(0,3,0)))),_xlpm.prox,_xlfn.TAKE(_xlpm.validas,4),IF(_xlpm.activo<>"SI","Inactivo",IF(SUMPRODUCT(--C10:I10)=0,"Manual / cuando aplique",_xlfn.TEXTJOIN(CHAR(10),TRUE,_xlfn.MAP(_xlpm.prox,_xlfn.LAMBDA(_xlpm.f,CHOOSE(WEEKDAY(_xlpm.f),"domingo","lunes","martes","miércoles","jueves","viernes","sábado")&" "&TEXT(_xlpm.f,"dd")&"/"&CHOOSE(MONTH(_xlpm.f),"Ene","Feb","Mar","Abr","May","Jun","Jul","Ago","Sep","Oct","Nov","Dic")&"/"&TEXT(_xlpm.f,"yyyy")&" "&TEXT(_xlpm.hora,"hh:mm")&" hrs"))))))} -> sábado 11/Jul/2026 21:00 hrs sábado 18/Jul/2026 21:00 hrs sábado 25/Jul/2026 21:00 hrs sábado 01/Ago/2026 21:00 hrs | P10: Buenas noches a todos, chicos._x000D_ _x000D_ Solo como recordatorio, al ser fin de semana les pedimos de la manera más amable que moderen el ruido. Sabemos que muchos aprovechan estos días, pero también hay personas que necesitan descansar después de una semana de trabajo._x000D_ _x000D_ Seamos considerados con los demás y ayudemos a mantener un ambiente tranquilo para todos._x000D_ _x000D_ Muchas gracias por su apoyo. ¡Que tengan una excelente noche!
A11: CASA / GRUPO: ACME Residence 002
A12: ACME Residence 002 | B12: Limpieza y orden | C12: FALSE | D12: FALSE | E12: FALSE | F12: FALSE | G12: FALSE | H12: FALSE | I12: FALSE | K12: SI | L12: NO | M12: PENDING | O12: {=_xlfn.LET(_xlpm.activo,K12,_xlpm.horaTxt,J12,_xlpm.base,TODAY(),_xlpm.fechas,_xlpm.base+_xlfn.SEQUENCE(180,,0),_xlpm.hora,IF(ISNUMBER(_xlpm.horaTxt),_xlpm.horaTxt,IFERROR(TIMEVALUE(SUBSTITUTE(_xlpm.horaTxt," hrs","")),TIME(9,0,0))),_xlpm.dias,(C12*(WEEKDAY(_xlpm.fechas,2)=1))+(D12*(WEEKDAY(_xlpm.fechas,2)=2))+(E12*(WEEKDAY(_xlpm.fechas,2)=3))+(F12*(WEEKDAY(_xlpm.fechas,2)=4))+(G12*(WEEKDAY(_xlpm.fechas,2)=5))+(H12*(WEEKDAY(_xlpm.fechas,2)=6))+(I12*(WEEKDAY(_xlpm.fechas,2)=7)),_xlpm.validas,_xlfn._xlws.FILTER(_xlpm.fechas,(_xlpm.dias>0)*((_xlpm.fechas+_xlpm.hora)>=(NOW()-TIME(0,3,0)))),_xlpm.prox,_xlfn.TAKE(_xlpm.validas,4),IF(_xlpm.activo<>"SI","Inactivo",IF(SUMPRODUCT(--C12:I12)=0,"Manual / cuando aplique",_xlfn.TEXTJOIN(CHAR(10),TRUE,_xlfn.MAP(_xlpm.prox,_xlfn.LAMBDA(_xlpm.f,CHOOSE(WEEKDAY(_xlpm.f),"domingo","lunes","martes","miércoles","jueves","viernes","sábado")&" "&TEXT(_xlpm.f,"dd")&"/"&CHOOSE(MONTH(_xlpm.f),"Ene","Feb","Mar","Abr","May","Jun","Jul","Ago","Sep","Oct","Nov","Dic")&"/"&TEXT(_xlpm.f,"yyyy")&" "&TEXT(_xlpm.hora,"hh:mm")&" hrs"))))))} -> Manual / cuando aplique | P12: Buenos días chicos,_x000D_ _x000D_ Como recordatorio, les pido de su amable apoyo para:_x000D_ _x000D_ * Lavar, secar y guardar los trastes que utilicen._x000D_ * Barrer la cocina y dejarla limpia para que la siguiente persona la encuentre en las mismas condiciones._x000D_ * Apagar todas las luces que no estén utilizando._x000D_ * Colocar las sillas del comedor en su lugar después de usarlas._x000D_ _x000D_ Muchas gracias por su colaboración para mantener la casa limpia y ordenada.
A13: ACME Residence 002 | B13: Lavandería - horario | C13: TRUE | D13: FALSE | E13: FALSE | F13: TRUE | G13: FALSE | H13: FALSE | I13: FALSE | J13: 19:00 hrs | K13: SI | L13: NO | M13: PENDING | O13: {=_xlfn.LET(_xlpm.activo,K13,_xlpm.horaTxt,J13,_xlpm.base,TODAY(),_xlpm.fechas,_xlpm.base+_xlfn.SEQUENCE(180,,0),_xlpm.hora,IF(ISNUMBER(_xlpm.horaTxt),_xlpm.horaTxt,IFERROR(TIMEVALUE(SUBSTITUTE(_xlpm.horaTxt," hrs","")),TIME(9,0,0))),_xlpm.dias,(C13*(WEEKDAY(_xlpm.fechas,2)=1))+(D13*(WEEKDAY(_xlpm.fechas,2)=2))+(E13*(WEEKDAY(_xlpm.fechas,2)=3))+(F13*(WEEKDAY(_xlpm.fechas,2)=4))+(G13*(WEEKDAY(_xlpm.fechas,2)=5))+(H13*(WEEKDAY(_xlpm.fechas,2)=6))+(I13*(WEEKDAY(_xlpm.fechas,2)=7)),_xlpm.validas,_xlfn._xlws.FILTER(_xlpm.fechas,(_xlpm.dias>0)*((_xlpm.fechas+_xlpm.hora)>=(NOW()-TIME(0,3,0)))),_xlpm.prox,_xlfn.TAKE(_xlpm.validas,4),IF(_xlpm.activo<>"SI","Inactivo",IF(SUMPRODUCT(--C13:I13)=0,"Manual / cuando aplique",_xlfn.TEXTJOIN(CHAR(10),TRUE,_xlfn.MAP(_xlpm.prox,_xlfn.LAMBDA(_xlpm.f,CHOOSE(WEEKDAY(_xlpm.f),"domingo","lunes","martes","miércoles","jueves","viernes","sábado")&" "&TEXT(_xlpm.f,"dd")&"/"&CHOOSE(MONTH(_xlpm.f),"Ene","Feb","Mar","Abr","May","Jun","Jul","Ago","Sep","Oct","Nov","Dic")&"/"&TEXT(_xlpm.f,"yyyy")&" "&TEXT(_xlpm.hora,"hh:mm")&" hrs"))))))} -> lunes 13/Jul/2026 19:00 hrs jueves 16/Jul/2026 19:00 hrs lunes 20/Jul/2026 19:00 hrs jueves 23/Jul/2026 19:00 hrs | P13: Buenas tardes, chicos._x000D_ _x000D_ Solo para confirmarles que el horario de lavado ya está disponible. Pueden utilizar la lavandería de 7:00 p. m. a 10:30 p. m._x000D_ _x000D_ Gracias.
A14: ACME Residence 002 | B14: Lavandería - filtro secadora | C14: TRUE | D14: FALSE | E14: FALSE | F14: TRUE | G14: FALSE | H14: FALSE | I14: FALSE | J14: 20:00 hrs | K14: SI | L14: NO | M14: PENDING | O14: {=_xlfn.LET(_xlpm.activo,K14,_xlpm.horaTxt,J14,_xlpm.base,TODAY(),_xlpm.fechas,_xlpm.base+_xlfn.SEQUENCE(180,,0),_xlpm.hora,IF(ISNUMBER(_xlpm.horaTxt),_xlpm.horaTxt,IFERROR(TIMEVALUE(SUBSTITUTE(_xlpm.horaTxt," hrs","")),TIME(9,0,0))),_xlpm.dias,(C14*(WEEKDAY(_xlpm.fechas,2)=1))+(D14*(WEEKDAY(_xlpm.fechas,2)=2))+(E14*(WEEKDAY(_xlpm.fechas,2)=3))+(F14*(WEEKDAY(_xlpm.fechas,2)=4))+(G14*(WEEKDAY(_xlpm.fechas,2)=5))+(H14*(WEEKDAY(_xlpm.fechas,2)=6))+(I14*(WEEKDAY(_xlpm.fechas,2)=7)),_xlpm.validas,_xlfn._xlws.FILTER(_xlpm.fechas,(_xlpm.dias>0)*((_xlpm.fechas+_xlpm.hora)>=(NOW()-TIME(0,3,0)))),_xlpm.prox,_xlfn.TAKE(_xlpm.validas,4),IF(_xlpm.activo<>"SI","Inactivo",IF(SUMPRODUCT(--C14:I14)=0,"Manual / cuando aplique",_xlfn.TEXTJOIN(CHAR(10),TRUE,_xlfn.MAP(_xlpm.prox,_xlfn.LAMBDA(_xlpm.f,CHOOSE(WEEKDAY(_xlpm.f),"domingo","lunes","martes","miércoles","jueves","viernes","sábado")&" "&TEXT(_xlpm.f,"dd")&"/"&CHOOSE(MONTH(_xlpm.f),"Ene","Feb","Mar","Abr","May","Jun","Jul","Ago","Sep","Oct","Nov","Dic")&"/"&TEXT(_xlpm.f,"yyyy")&" "&TEXT(_xlpm.hora,"hh:mm")&" hrs"))))))} -> lunes 13/Jul/2026 20:00 hrs jueves 16/Jul/2026 20:00 hrs lunes 20/Jul/2026 20:00 hrs jueves 23/Jul/2026 20:00 hrs | P14: Como recordatorio, les pido que después de utilizar la secadora limpien el filtro. Es importante cuidarla para mantenerla en buen funcionamiento y evitar daños._x000D_ _x000D_ Gracias por su apoyo.
A15: ACME Residence 002 | B15: Estufa y luces | C15: FALSE | D15: TRUE | E15: FALSE | F15: TRUE | G15: FALSE | H15: FALSE | I15: FALSE | J15: 21:00 hrs | K15: SI | L15: NO | M15: PENDING | O15: {=_xlfn.LET(_xlpm.activo,K15,_xlpm.horaTxt,J15,_xlpm.base,TODAY(),_xlpm.fechas,_xlpm.base+_xlfn.SEQUENCE(180,,0),_xlpm.hora,IF(ISNUMBER(_xlpm.horaTxt),_xlpm.horaTxt,IFERROR(TIMEVALUE(SUBSTITUTE(_xlpm.horaTxt," hrs","")),TIME(9,0,0))),_xlpm.dias,(C15*(WEEKDAY(_xlpm.fechas,2)=1))+(D15*(WEEKDAY(_xlpm.fechas,2)=2))+(E15*(WEEKDAY(_xlpm.fechas,2)=3))+(F15*(WEEKDAY(_xlpm.fechas,2)=4))+(G15*(WEEKDAY(_xlpm.fechas,2)=5))+(H15*(WEEKDAY(_xlpm.fechas,2)=6))+(I15*(WEEKDAY(_xlpm.fechas,2)=7)),_xlpm.validas,_xlfn._xlws.FILTER(_xlpm.fechas,(_xlpm.dias>0)*((_xlpm.fechas+_xlpm.hora)>=(NOW()-TIME(0,3,0)))),_xlpm.prox,_xlfn.TAKE(_xlpm.validas,4),IF(_xlpm.activo<>"SI","Inactivo",IF(SUMPRODUCT(--C15:I15)=0,"Manual / cuando aplique",_xlfn.TEXTJOIN(CHAR(10),TRUE,_xlfn.MAP(_xlpm.prox,_xlfn.LAMBDA(_xlpm.f,CHOOSE(WEEKDAY(_xlpm.f),"domingo","lunes","martes","miércoles","jueves","viernes","sábado")&" "&TEXT(_xlpm.f,"dd")&"/"&CHOOSE(MONTH(_xlpm.f),"Ene","Feb","Mar","Abr","May","Jun","Jul","Ago","Sep","Oct","Nov","Dic")&"/"&TEXT(_xlpm.f,"yyyy")&" "&TEXT(_xlpm.hora,"hh:mm")&" hrs"))))))} -> martes 14/Jul/2026 21:00 hrs jueves 16/Jul/2026 21:00 hrs martes 21/Jul/2026 21:00 hrs jueves 23/Jul/2026 21:00 hrs | P15: Buenas noches a todos, chicos._x000D_ _x000D_ Como recordatorio, les pido que antes de dormir verifiquen que la estufa esté completamente apagada para evitar accidentes. Asimismo, favor de apagar todas las luces que no se estén utilizando._x000D_ _x000D_ Gracias por su apoyo y que tengan una excelente noche.
A16: ACME Residence 002 | B16: Ruido fin de semana | C16: FALSE | D16: FALSE | E16: FALSE | F16: FALSE | G16: FALSE | H16: TRUE | I16: FALSE | J16: 21:00 hrs | K16: SI | L16: NO | M16: PENDING | O16: {=_xlfn.LET(_xlpm.activo,K16,_xlpm.horaTxt,J16,_xlpm.base,TODAY(),_xlpm.fechas,_xlpm.base+_xlfn.SEQUENCE(180,,0),_xlpm.hora,IF(ISNUMBER(_xlpm.horaTxt),_xlpm.horaTxt,IFERROR(TIMEVALUE(SUBSTITUTE(_xlpm.horaTxt," hrs","")),TIME(9,0,0))),_xlpm.dias,(C16*(WEEKDAY(_xlpm.fechas,2)=1))+(D16*(WEEKDAY(_xlpm.fechas,2)=2))+(E16*(WEEKDAY(_xlpm.fechas,2)=3))+(F16*(WEEKDAY(_xlpm.fechas,2)=4))+(G16*(WEEKDAY(_xlpm.fechas,2)=5))+(H16*(WEEKDAY(_xlpm.fechas,2)=6))+(I16*(WEEKDAY(_xlpm.fechas,2)=7)),_xlpm.validas,_xlfn._xlws.FILTER(_xlpm.fechas,(_xlpm.dias>0)*((_xlpm.fechas+_xlpm.hora)>=(NOW()-TIME(0,3,0)))),_xlpm.prox,_xlfn.TAKE(_xlpm.validas,4),IF(_xlpm.activo<>"SI","Inactivo",IF(SUMPRODUCT(--C16:I16)=0,"Manual / cuando aplique",_xlfn.TEXTJOIN(CHAR(10),TRUE,_xlfn.MAP(_xlpm.prox,_xlfn.LAMBDA(_xlpm.f,CHOOSE(WEEKDAY(_xlpm.f),"domingo","lunes","martes","miércoles","jueves","viernes","sábado")&" "&TEXT(_xlpm.f,"dd")&"/"&CHOOSE(MONTH(_xlpm.f),"Ene","Feb","Mar","Abr","May","Jun","Jul","Ago","Sep","Oct","Nov","Dic")&"/"&TEXT(_xlpm.f,"yyyy")&" "&TEXT(_xlpm.hora,"hh:mm")&" hrs"))))))} -> sábado 11/Jul/2026 21:00 hrs sábado 18/Jul/2026 21:00 hrs sábado 25/Jul/2026 21:00 hrs sábado 01/Ago/2026 21:00 hrs | P16: Buenas noches a todos, chicos._x000D_ _x000D_ Solo como recordatorio, al ser fin de semana les pedimos de la manera más amable que moderen el ruido. Sabemos que muchos aprovechan estos días, pero también hay personas que necesitan descansar después de una semana de trabajo._x000D_ _x000D_ Seamos considerados con los demás y ayudemos a mantener un ambiente tranquilo para todos._x000D_ _x000D_ Muchas gracias por su apoyo. ¡Que tengan una excelente noche!
A17: CASA / GRUPO: ACME Residence 003
A18: ACME Residence 003 | B18: Limpieza y orden | C18: FALSE | D18: FALSE | E18: FALSE | F18: FALSE | G18: FALSE | H18: FALSE | I18: FALSE | K18: SI | L18: NO | M18: PENDING | O18: {=_xlfn.LET(_xlpm.activo,K18,_xlpm.horaTxt,J18,_xlpm.base,TODAY(),_xlpm.fechas,_xlpm.base+_xlfn.SEQUENCE(180,,0),_xlpm.hora,IF(ISNUMBER(_xlpm.horaTxt),_xlpm.horaTxt,IFERROR(TIMEVALUE(SUBSTITUTE(_xlpm.horaTxt," hrs","")),TIME(9,0,0))),_xlpm.dias,(C18*(WEEKDAY(_xlpm.fechas,2)=1))+(D18*(WEEKDAY(_xlpm.fechas,2)=2))+(E18*(WEEKDAY(_xlpm.fechas,2)=3))+(F18*(WEEKDAY(_xlpm.fechas,2)=4))+(G18*(WEEKDAY(_xlpm.fechas,2)=5))+(H18*(WEEKDAY(_xlpm.fechas,2)=6))+(I18*(WEEKDAY(_xlpm.fechas,2)=7)),_xlpm.validas,_xlfn._xlws.FILTER(_xlpm.fechas,(_xlpm.dias>0)*((_xlpm.fechas+_xlpm.hora)>=(NOW()-TIME(0,3,0)))),_xlpm.prox,_xlfn.TAKE(_xlpm.validas,4),IF(_xlpm.activo<>"SI","Inactivo",IF(SUMPRODUCT(--C18:I18)=0,"Manual / cuando aplique",_xlfn.TEXTJOIN(CHAR(10),TRUE,_xlfn.MAP(_xlpm.prox,_xlfn.LAMBDA(_xlpm.f,CHOOSE(WEEKDAY(_xlpm.f),"domingo","lunes","martes","miércoles","jueves","viernes","sábado")&" "&TEXT(_xlpm.f,"dd")&"/"&CHOOSE(MONTH(_xlpm.f),"Ene","Feb","Mar","Abr","May","Jun","Jul","Ago","Sep","Oct","Nov","Dic")&"/"&TEXT(_xlpm.f,"yyyy")&" "&TEXT(_xlpm.hora,"hh:mm")&" hrs"))))))} -> Manual / cuando aplique | P18: Buenos días chicos,_x000D_ _x000D_ Como recordatorio, les pido de su amable apoyo para:_x000D_ _x000D_ * Lavar, secar y guardar los trastes que utilicen._x000D_ * Barrer la cocina y dejarla limpia para que la siguiente persona la encuentre en las mismas condiciones._x000D_ * Apagar todas las luces que no estén utilizando._x000D_ * Colocar las sillas del comedor en su lugar después de usarlas._x000D_ _x000D_ Muchas gracias por su colaboración para mantener la casa limpia y ordenada.
A19: ACME Residence 003 | B19: Lavandería - horario | C19: TRUE | D19: FALSE | E19: FALSE | F19: TRUE | G19: FALSE | H19: FALSE | I19: FALSE | J19: 19:00 hrs | K19: SI | L19: NO | M19: PENDING | O19: {=_xlfn.LET(_xlpm.activo,K19,_xlpm.horaTxt,J19,_xlpm.base,TODAY(),_xlpm.fechas,_xlpm.base+_xlfn.SEQUENCE(180,,0),_xlpm.hora,IF(ISNUMBER(_xlpm.horaTxt),_xlpm.horaTxt,IFERROR(TIMEVALUE(SUBSTITUTE(_xlpm.horaTxt," hrs","")),TIME(9,0,0))),_xlpm.dias,(C19*(WEEKDAY(_xlpm.fechas,2)=1))+(D19*(WEEKDAY(_xlpm.fechas,2)=2))+(E19*(WEEKDAY(_xlpm.fechas,2)=3))+(F19*(WEEKDAY(_xlpm.fechas,2)=4))+(G19*(WEEKDAY(_xlpm.fechas,2)=5))+(H19*(WEEKDAY(_xlpm.fechas,2)=6))+(I19*(WEEKDAY(_xlpm.fechas,2)=7)),_xlpm.validas,_xlfn._xlws.FILTER(_xlpm.fechas,(_xlpm.dias>0)*((_xlpm.fechas+_xlpm.hora)>=(NOW()-TIME(0,3,0)))),_xlpm.prox,_xlfn.TAKE(_xlpm.validas,4),IF(_xlpm.activo<>"SI","Inactivo",IF(SUMPRODUCT(--C19:I19)=0,"Manual / cuando aplique",_xlfn.TEXTJOIN(CHAR(10),TRUE,_xlfn.MAP(_xlpm.prox,_xlfn.LAMBDA(_xlpm.f,CHOOSE(WEEKDAY(_xlpm.f),"domingo","lunes","martes","miércoles","jueves","viernes","sábado")&" "&TEXT(_xlpm.f,"dd")&"/"&CHOOSE(MONTH(_xlpm.f),"Ene","Feb","Mar","Abr","May","Jun","Jul","Ago","Sep","Oct","Nov","Dic")&"/"&TEXT(_xlpm.f,"yyyy")&" "&TEXT(_xlpm.hora,"hh:mm")&" hrs"))))))} -> lunes 13/Jul/2026 19:00 hrs jueves 16/Jul/2026 19:00 hrs lunes 20/Jul/2026 19:00 hrs jueves 23/Jul/2026 19:00 hrs | P19: Buenas tardes, chicos._x000D_ _x000D_ Solo para confirmarles que el horario de lavado ya está disponible. Pueden utilizar la lavandería de 7:00 p. m. a 10:30 p. m._x000D_ _x000D_ Gracias.
A20: ACME Residence 003 | B20: Lavandería - filtro secadora | C20: TRUE | D20: FALSE | E20: FALSE | F20: TRUE | G20: FALSE | H20: FALSE | I20: FALSE | J20: 20:00 hrs | K20: SI | L20: NO | M20: PENDING | O20: {=_xlfn.LET(_xlpm.activo,K20,_xlpm.horaTxt,J20,_xlpm.base,TODAY(),_xlpm.fechas,_xlpm.base+_xlfn.SEQUENCE(180,,0),_xlpm.hora,IF(ISNUMBER(_xlpm.horaTxt),_xlpm.horaTxt,IFERROR(TIMEVALUE(SUBSTITUTE(_xlpm.horaTxt," hrs","")),TIME(9,0,0))),_xlpm.dias,(C20*(WEEKDAY(_xlpm.fechas,2)=1))+(D20*(WEEKDAY(_xlpm.fechas,2)=2))+(E20*(WEEKDAY(_xlpm.fechas,2)=3))+(F20*(WEEKDAY(_xlpm.fechas,2)=4))+(G20*(WEEKDAY(_xlpm.fechas,2)=5))+(H20*(WEEKDAY(_xlpm.fechas,2)=6))+(I20*(WEEKDAY(_xlpm.fechas,2)=7)),_xlpm.validas,_xlfn._xlws.FILTER(_xlpm.fechas,(_xlpm.dias>0)*((_xlpm.fechas+_xlpm.hora)>=(NOW()-TIME(0,3,0)))),_xlpm.prox,_xlfn.TAKE(_xlpm.validas,4),IF(_xlpm.activo<>"SI","Inactivo",IF(SUMPRODUCT(--C20:I20)=0,"Manual / cuando aplique",_xlfn.TEXTJOIN(CHAR(10),TRUE,_xlfn.MAP(_xlpm.prox,_xlfn.LAMBDA(_xlpm.f,CHOOSE(WEEKDAY(_xlpm.f),"domingo","lunes","martes","miércoles","jueves","viernes","sábado")&" "&TEXT(_xlpm.f,"dd")&"/"&CHOOSE(MONTH(_xlpm.f),"Ene","Feb","Mar","Abr","May","Jun","Jul","Ago","Sep","Oct","Nov","Dic")&"/"&TEXT(_xlpm.f,"yyyy")&" "&TEXT(_xlpm.hora,"hh:mm")&" hrs"))))))} -> lunes 13/Jul/2026 20:00 hrs jueves 16/Jul/2026 20:00 hrs lunes 20/Jul/2026 20:00 hrs jueves 23/Jul/2026 20:00 hrs | P20: Como recordatorio, les pido que después de utilizar la secadora limpien el filtro. Es importante cuidarla para mantenerla en buen funcionamiento y evitar daños._x000D_ _x000D_ Gracias por su apoyo.
A21: ACME Residence 003 | B21: Estufa y luces | C21: FALSE | D21: TRUE | E21: FALSE | F21: TRUE | G21: FALSE | H21: FALSE | I21: FALSE | J21: 21:00 hrs | K21: SI | L21: NO | M21: PENDING | O21: {=_xlfn.LET(_xlpm.activo,K21,_xlpm.horaTxt,J21,_xlpm.base,TODAY(),_xlpm.fechas,_xlpm.base+_xlfn.SEQUENCE(180,,0),_xlpm.hora,IF(ISNUMBER(_xlpm.horaTxt),_xlpm.horaTxt,IFERROR(TIMEVALUE(SUBSTITUTE(_xlpm.horaTxt," hrs","")),TIME(9,0,0))),_xlpm.dias,(C21*(WEEKDAY(_xlpm.fechas,2)=1))+(D21*(WEEKDAY(_xlpm.fechas,2)=2))+(E21*(WEEKDAY(_xlpm.fechas,2)=3))+(F21*(WEEKDAY(_xlpm.fechas,2)=4))+(G21*(WEEKDAY(_xlpm.fechas,2)=5))+(H21*(WEEKDAY(_xlpm.fechas,2)=6))+(I21*(WEEKDAY(_xlpm.fechas,2)=7)),_xlpm.validas,_xlfn._xlws.FILTER(_xlpm.fechas,(_xlpm.dias>0)*((_xlpm.fechas+_xlpm.hora)>=(NOW()-TIME(0,3,0)))),_xlpm.prox,_xlfn.TAKE(_xlpm.validas,4),IF(_xlpm.activo<>"SI","Inactivo",IF(SUMPRODUCT(--C21:I21)=0,"Manual / cuando aplique",_xlfn.TEXTJOIN(CHAR(10),TRUE,_xlfn.MAP(_xlpm.prox,_xlfn.LAMBDA(_xlpm.f,CHOOSE(WEEKDAY(_xlpm.f),"domingo","lunes","martes","miércoles","jueves","viernes","sábado")&" "&TEXT(_xlpm.f,"dd")&"/"&CHOOSE(MONTH(_xlpm.f),"Ene","Feb","Mar","Abr","May","Jun","Jul","Ago","Sep","Oct","Nov","Dic")&"/"&TEXT(_xlpm.f,"yyyy")&" "&TEXT(_xlpm.hora,"hh:mm")&" hrs"))))))} -> martes 14/Jul/2026 21:00 hrs jueves 16/Jul/2026 21:00 hrs martes 21/Jul/2026 21:00 hrs jueves 23/Jul/2026 21:00 hrs | P21: Buenas noches a todos, chicos._x000D_ _x000D_ Como recordatorio, les pido que antes de dormir verifiquen que la estufa esté completamente apagada para evitar accidentes. Asimismo, favor de apagar todas las luces que no se estén utilizando._x000D_ _x000D_ Gracias por su apoyo y que tengan una excelente noche.
A22: ACME Residence 003 | B22: Ruido fin de semana | C22: FALSE | D22: FALSE | E22: FALSE | F22: FALSE | G22: FALSE | H22: TRUE | I22: FALSE | J22: 21:00 hrs | K22: SI | L22: NO | M22: PENDING | O22: {=_xlfn.LET(_xlpm.activo,K22,_xlpm.horaTxt,J22,_xlpm.base,TODAY(),_xlpm.fechas,_xlpm.base+_xlfn.SEQUENCE(180,,0),_xlpm.hora,IF(ISNUMBER(_xlpm.horaTxt),_xlpm.horaTxt,IFERROR(TIMEVALUE(SUBSTITUTE(_xlpm.horaTxt," hrs","")),TIME(9,0,0))),_xlpm.dias,(C22*(WEEKDAY(_xlpm.fechas,2)=1))+(D22*(WEEKDAY(_xlpm.fechas,2)=2))+(E22*(WEEKDAY(_xlpm.fechas,2)=3))+(F22*(WEEKDAY(_xlpm.fechas,2)=4))+(G22*(WEEKDAY(_xlpm.fechas,2)=5))+(H22*(WEEKDAY(_xlpm.fechas,2)=6))+(I22*(WEEKDAY(_xlpm.fechas,2)=7)),_xlpm.validas,_xlfn._xlws.FILTER(_xlpm.fechas,(_xlpm.dias>0)*((_xlpm.fechas+_xlpm.hora)>=(NOW()-TIME(0,3,0)))),_xlpm.prox,_xlfn.TAKE(_xlpm.validas,4),IF(_xlpm.activo<>"SI","Inactivo",IF(SUMPRODUCT(--C22:I22)=0,"Manual / cuando aplique",_xlfn.TEXTJOIN(CHAR(10),TRUE,_xlfn.MAP(_xlpm.prox,_xlfn.LAMBDA(_xlpm.f,CHOOSE(WEEKDAY(_xlpm.f),"domingo","lunes","martes","miércoles","jueves","viernes","sábado")&" "&TEXT(_xlpm.f,"dd")&"/"&CHOOSE(MONTH(_xlpm.f),"Ene","Feb","Mar","Abr","May","Jun","Jul","Ago","Sep","Oct","Nov","Dic")&"/"&TEXT(_xlpm.f,"yyyy")&" "&TEXT(_xlpm.hora,"hh:mm")&" hrs"))))))} -> sábado 11/Jul/2026 21:00 hrs sábado 18/Jul/2026 21:00 hrs sábado 25/Jul/2026 21:00 hrs sábado 01/Ago/2026 21:00 hrs | P22: Buenas noches a todos, chicos._x000D_ _x000D_ Solo como recordatorio, al ser fin de semana les pedimos de la manera más amable que moderen el ruido. Sabemos que muchos aprovechan estos días, pero también hay personas que necesitan descansar después de una semana de trabajo._x000D_ _x000D_ Seamos considerados con los demás y ayudemos a mantener un ambiente tranquilo para todos._x000D_ _x000D_ Muchas gracias por su apoyo. ¡Que tengan una excelente noche!
A23: CASA / GRUPO: ACME Residence 004
A24: ACME Residence 004 | B24: Limpieza y orden | C24: FALSE | D24: FALSE | E24: FALSE | F24: FALSE | G24: FALSE | H24: FALSE | I24: FALSE | K24: SI | L24: NO | M24: PENDING | O24: {=_xlfn.LET(_xlpm.activo,K24,_xlpm.horaTxt,J24,_xlpm.base,TODAY(),_xlpm.fechas,_xlpm.base+_xlfn.SEQUENCE(180,,0),_xlpm.hora,IF(ISNUMBER(_xlpm.horaTxt),_xlpm.horaTxt,IFERROR(TIMEVALUE(SUBSTITUTE(_xlpm.horaTxt," hrs","")),TIME(9,0,0))),_xlpm.dias,(C24*(WEEKDAY(_xlpm.fechas,2)=1))+(D24*(WEEKDAY(_xlpm.fechas,2)=2))+(E24*(WEEKDAY(_xlpm.fechas,2)=3))+(F24*(WEEKDAY(_xlpm.fechas,2)=4))+(G24*(WEEKDAY(_xlpm.fechas,2)=5))+(H24*(WEEKDAY(_xlpm.fechas,2)=6))+(I24*(WEEKDAY(_xlpm.fechas,2)=7)),_xlpm.validas,_xlfn._xlws.FILTER(_xlpm.fechas,(_xlpm.dias>0)*((_xlpm.fechas+_xlpm.hora)>=(NOW()-TIME(0,3,0)))),_xlpm.prox,_xlfn.TAKE(_xlpm.validas,4),IF(_xlpm.activo<>"SI","Inactivo",IF(SUMPRODUCT(--C24:I24)=0,"Manual / cuando aplique",_xlfn.TEXTJOIN(CHAR(10),TRUE,_xlfn.MAP(_xlpm.prox,_xlfn.LAMBDA(_xlpm.f,CHOOSE(WEEKDAY(_xlpm.f),"domingo","lunes","martes","miércoles","jueves","viernes","sábado")&" "&TEXT(_xlpm.f,"dd")&"/"&CHOOSE(MONTH(_xlpm.f),"Ene","Feb","Mar","Abr","May","Jun","Jul","Ago","Sep","Oct","Nov","Dic")&"/"&TEXT(_xlpm.f,"yyyy")&" "&TEXT(_xlpm.hora,"hh:mm")&" hrs"))))))} -> Manual / cuando aplique | P24: Buenos días chicos,_x000D_ _x000D_ Como recordatorio, les pido de su amable apoyo para:_x000D_ _x000D_ * Lavar, secar y guardar los trastes que utilicen._x000D_ * Barrer la cocina y dejarla limpia para que la siguiente persona la encuentre en las mismas condiciones._x000D_ * Apagar todas las luces que no estén utilizando._x000D_ * Colocar las sillas del comedor en su lugar después de usarlas._x000D_ _x000D_ Muchas gracias por su colaboración para mantener la casa limpia y ordenada.
A25: ACME Residence 004 | B25: Lavandería - horario | C25: TRUE | D25: FALSE | E25: FALSE | F25: TRUE | G25: FALSE | H25: FALSE | I25: FALSE | J25: 19:00 hrs | K25: SI | L25: NO | M25: PENDING | O25: {=_xlfn.LET(_xlpm.activo,K25,_xlpm.horaTxt,J25,_xlpm.base,TODAY(),_xlpm.fechas,_xlpm.base+_xlfn.SEQUENCE(180,,0),_xlpm.hora,IF(ISNUMBER(_xlpm.horaTxt),_xlpm.horaTxt,IFERROR(TIMEVALUE(SUBSTITUTE(_xlpm.horaTxt," hrs","")),TIME(9,0,0))),_xlpm.dias,(C25*(WEEKDAY(_xlpm.fechas,2)=1))+(D25*(WEEKDAY(_xlpm.fechas,2)=2))+(E25*(WEEKDAY(_xlpm.fechas,2)=3))+(F25*(WEEKDAY(_xlpm.fechas,2)=4))+(G25*(WEEKDAY(_xlpm.fechas,2)=5))+(H25*(WEEKDAY(_xlpm.fechas,2)=6))+(I25*(WEEKDAY(_xlpm.fechas,2)=7)),_xlpm.validas,_xlfn._xlws.FILTER(_xlpm.fechas,(_xlpm.dias>0)*((_xlpm.fechas+_xlpm.hora)>=(NOW()-TIME(0,3,0)))),_xlpm.prox,_xlfn.TAKE(_xlpm.validas,4),IF(_xlpm.activo<>"SI","Inactivo",IF(SUMPRODUCT(--C25:I25)=0,"Manual / cuando aplique",_xlfn.TEXTJOIN(CHAR(10),TRUE,_xlfn.MAP(_xlpm.prox,_xlfn.LAMBDA(_xlpm.f,CHOOSE(WEEKDAY(_xlpm.f),"domingo","lunes","martes","miércoles","jueves","viernes","sábado")&" "&TEXT(_xlpm.f,"dd")&"/"&CHOOSE(MONTH(_xlpm.f),"Ene","Feb","Mar","Abr","May","Jun","Jul","Ago","Sep","Oct","Nov","Dic")&"/"&TEXT(_xlpm.f,"yyyy")&" "&TEXT(_xlpm.hora,"hh:mm")&" hrs"))))))} -> lunes 13/Jul/2026 19:00 hrs jueves 16/Jul/2026 19:00 hrs lunes 20/Jul/2026 19:00 hrs jueves 23/Jul/2026 19:00 hrs | P25: Buenas tardes, chicos._x000D_ _x000D_ Solo para confirmarles que el horario de lavado ya está disponible. Pueden utilizar la lavandería de 7:00 p. m. a 10:30 p. m._x000D_ _x000D_ Gracias.
A26: ACME Residence 004 | B26: Lavandería - filtro secadora | C26: TRUE | D26: FALSE | E26: FALSE | F26: TRUE | G26: FALSE | H26: FALSE | I26: FALSE | J26: 20:00 hrs | K26: SI | L26: NO | M26: PENDING | O26: {=_xlfn.LET(_xlpm.activo,K26,_xlpm.horaTxt,J26,_xlpm.base,TODAY(),_xlpm.fechas,_xlpm.base+_xlfn.SEQUENCE(180,,0),_xlpm.hora,IF(ISNUMBER(_xlpm.horaTxt),_xlpm.horaTxt,IFERROR(TIMEVALUE(SUBSTITUTE(_xlpm.horaTxt," hrs","")),TIME(9,0,0))),_xlpm.dias,(C26*(WEEKDAY(_xlpm.fechas,2)=1))+(D26*(WEEKDAY(_xlpm.fechas,2)=2))+(E26*(WEEKDAY(_xlpm.fechas,2)=3))+(F26*(WEEKDAY(_xlpm.fechas,2)=4))+(G26*(WEEKDAY(_xlpm.fechas,2)=5))+(H26*(WEEKDAY(_xlpm.fechas,2)=6))+(I26*(WEEKDAY(_xlpm.fechas,2)=7)),_xlpm.validas,_xlfn._xlws.FILTER(_xlpm.fechas,(_xlpm.dias>0)*((_xlpm.fechas+_xlpm.hora)>=(NOW()-TIME(0,3,0)))),_xlpm.prox,_xlfn.TAKE(_xlpm.validas,4),IF(_xlpm.activo<>"SI","Inactivo",IF(SUMPRODUCT(--C26:I26)=0,"Manual / cuando aplique",_xlfn.TEXTJOIN(CHAR(10),TRUE,_xlfn.MAP(_xlpm.prox,_xlfn.LAMBDA(_xlpm.f,CHOOSE(WEEKDAY(_xlpm.f),"domingo","lunes","martes","miércoles","jueves","viernes","sábado")&" "&TEXT(_xlpm.f,"dd")&"/"&CHOOSE(MONTH(_xlpm.f),"Ene","Feb","Mar","Abr","May","Jun","Jul","Ago","Sep","Oct","Nov","Dic")&"/"&TEXT(_xlpm.f,"yyyy")&" "&TEXT(_xlpm.hora,"hh:mm")&" hrs"))))))} -> lunes 13/Jul/2026 20:00 hrs jueves 16/Jul/2026 20:00 hrs lunes 20/Jul/2026 20:00 hrs jueves 23/Jul/2026 20:00 hrs | P26: Como recordatorio, les pido que después de utilizar la secadora limpien el filtro. Es importante cuidarla para mantenerla en buen funcionamiento y evitar daños._x000D_ _x000D_ Gracias por su apoyo.
A27: ACME Residence 004 | B27: Estufa y luces | C27: FALSE | D27: TRUE | E27: FALSE | F27: TRUE | G27: FALSE | H27: FALSE | I27: FALSE | J27: 21:00 hrs | K27: SI | L27: NO | M27: PENDING | O27: {=_xlfn.LET(_xlpm.activo,K27,_xlpm.horaTxt,J27,_xlpm.base,TODAY(),_xlpm.fechas,_xlpm.base+_xlfn.SEQUENCE(180,,0),_xlpm.hora,IF(ISNUMBER(_xlpm.horaTxt),_xlpm.horaTxt,IFERROR(TIMEVALUE(SUBSTITUTE(_xlpm.horaTxt," hrs","")),TIME(9,0,0))),_xlpm.dias,(C27*(WEEKDAY(_xlpm.fechas,2)=1))+(D27*(WEEKDAY(_xlpm.fechas,2)=2))+(E27*(WEEKDAY(_xlpm.fechas,2)=3))+(F27*(WEEKDAY(_xlpm.fechas,2)=4))+(G27*(WEEKDAY(_xlpm.fechas,2)=5))+(H27*(WEEKDAY(_xlpm.fechas,2)=6))+(I27*(WEEKDAY(_xlpm.fechas,2)=7)),_xlpm.validas,_xlfn._xlws.FILTER(_xlpm.fechas,(_xlpm.dias>0)*((_xlpm.fechas+_xlpm.hora)>=(NOW()-TIME(0,3,0)))),_xlpm.prox,_xlfn.TAKE(_xlpm.validas,4),IF(_xlpm.activo<>"SI","Inactivo",IF(SUMPRODUCT(--C27:I27)=0,"Manual / cuando aplique",_xlfn.TEXTJOIN(CHAR(10),TRUE,_xlfn.MAP(_xlpm.prox,_xlfn.LAMBDA(_xlpm.f,CHOOSE(WEEKDAY(_xlpm.f),"domingo","lunes","martes","miércoles","jueves","viernes","sábado")&" "&TEXT(_xlpm.f,"dd")&"/"&CHOOSE(MONTH(_xlpm.f),"Ene","Feb","Mar","Abr","May","Jun","Jul","Ago","Sep","Oct","Nov","Dic")&"/"&TEXT(_xlpm.f,"yyyy")&" "&TEXT(_xlpm.hora,"hh:mm")&" hrs"))))))} -> martes 14/Jul/2026 21:00 hrs jueves 16/Jul/2026 21:00 hrs martes 21/Jul/2026 21:00 hrs jueves 23/Jul/2026 21:00 hrs | P27: Buenas noches a todos, chicos._x000D_ _x000D_ Como recordatorio, les pido que antes de dormir verifiquen que la estufa esté completamente apagada para evitar accidentes. Asimismo, favor de apagar todas las luces que no se estén utilizando._x000D_ _x000D_ Gracias por su apoyo y que tengan una excelente noche.
A28: ACME Residence 004 | B28: Ruido fin de semana | C28: FALSE | D28: FALSE | E28: FALSE | F28: FALSE | G28: FALSE | H28: TRUE | I28: FALSE | J28: 21:00 hrs | K28: SI | L28: NO | M28: PENDING | O28: {=_xlfn.LET(_xlpm.activo,K28,_xlpm.horaTxt,J28,_xlpm.base,TODAY(),_xlpm.fechas,_xlpm.base+_xlfn.SEQUENCE(180,,0),_xlpm.hora,IF(ISNUMBER(_xlpm.horaTxt),_xlpm.horaTxt,IFERROR(TIMEVALUE(SUBSTITUTE(_xlpm.horaTxt," hrs","")),TIME(9,0,0))),_xlpm.dias,(C28*(WEEKDAY(_xlpm.fechas,2)=1))+(D28*(WEEKDAY(_xlpm.fechas,2)=2))+(E28*(WEEKDAY(_xlpm.fechas,2)=3))+(F28*(WEEKDAY(_xlpm.fechas,2)=4))+(G28*(WEEKDAY(_xlpm.fechas,2)=5))+(H28*(WEEKDAY(_xlpm.fechas,2)=6))+(I28*(WEEKDAY(_xlpm.fechas,2)=7)),_xlpm.validas,_xlfn._xlws.FILTER(_xlpm.fechas,(_xlpm.dias>0)*((_xlpm.fechas+_xlpm.hora)>=(NOW()-TIME(0,3,0)))),_xlpm.prox,_xlfn.TAKE(_xlpm.validas,4),IF(_xlpm.activo<>"SI","Inactivo",IF(SUMPRODUCT(--C28:I28)=0,"Manual / cuando aplique",_xlfn.TEXTJOIN(CHAR(10),TRUE,_xlfn.MAP(_xlpm.prox,_xlfn.LAMBDA(_xlpm.f,CHOOSE(WEEKDAY(_xlpm.f),"domingo","lunes","martes","miércoles","jueves","viernes","sábado")&" "&TEXT(_xlpm.f,"dd")&"/"&CHOOSE(MONTH(_xlpm.f),"Ene","Feb","Mar","Abr","May","Jun","Jul","Ago","Sep","Oct","Nov","Dic")&"/"&TEXT(_xlpm.f,"yyyy")&" "&TEXT(_xlpm.hora,"hh:mm")&" hrs"))))))} -> sábado 11/Jul/2026 21:00 hrs sábado 18/Jul/2026 21:00 hrs sábado 25/Jul/2026 21:00 hrs sábado 01/Ago/2026 21:00 hrs | P28: Buenas noches a todos, chicos._x000D_ _x000D_ Solo como recordatorio, al ser fin de semana les pedimos de la manera más amable que moderen el ruido. Sabemos que muchos aprovechan estos días, pero también hay personas que necesitan descansar después de una semana de trabajo._x000D_ _x000D_ Seamos considerados con los demás y ayudemos a mantener un ambiente tranquilo para todos._x000D_ _x000D_ Muchas gracias por su apoyo. ¡Que tengan una excelente noche!
A29: CASA / GRUPO: ACME Residence 005
A30: ACME Residence 005 | B30: Limpieza y orden | C30: FALSE | D30: FALSE | E30: FALSE | F30: FALSE | G30: FALSE | H30: FALSE | I30: FALSE | K30: SI | L30: NO | M30: PENDING | O30: {=_xlfn.LET(_xlpm.activo,K30,_xlpm.horaTxt,J30,_xlpm.base,TODAY(),_xlpm.fechas,_xlpm.base+_xlfn.SEQUENCE(180,,0),_xlpm.hora,IF(ISNUMBER(_xlpm.horaTxt),_xlpm.horaTxt,IFERROR(TIMEVALUE(SUBSTITUTE(_xlpm.horaTxt," hrs","")),TIME(9,0,0))),_xlpm.dias,(C30*(WEEKDAY(_xlpm.fechas,2)=1))+(D30*(WEEKDAY(_xlpm.fechas,2)=2))+(E30*(WEEKDAY(_xlpm.fechas,2)=3))+(F30*(WEEKDAY(_xlpm.fechas,2)=4))+(G30*(WEEKDAY(_xlpm.fechas,2)=5))+(H30*(WEEKDAY(_xlpm.fechas,2)=6))+(I30*(WEEKDAY(_xlpm.fechas,2)=7)),_xlpm.validas,_xlfn._xlws.FILTER(_xlpm.fechas,(_xlpm.dias>0)*((_xlpm.fechas+_xlpm.hora)>=(NOW()-TIME(0,3,0)))),_xlpm.prox,_xlfn.TAKE(_xlpm.validas,4),IF(_xlpm.activo<>"SI","Inactivo",IF(SUMPRODUCT(--C30:I30)=0,"Manual / cuando aplique",_xlfn.TEXTJOIN(CHAR(10),TRUE,_xlfn.MAP(_xlpm.prox,_xlfn.LAMBDA(_xlpm.f,CHOOSE(WEEKDAY(_xlpm.f),"domingo","lunes","martes","miércoles","jueves","viernes","sábado")&" "&TEXT(_xlpm.f,"dd")&"/"&CHOOSE(MONTH(_xlpm.f),"Ene","Feb","Mar","Abr","May","Jun","Jul","Ago","Sep","Oct","Nov","Dic")&"/"&TEXT(_xlpm.f,"yyyy")&" "&TEXT(_xlpm.hora,"hh:mm")&" hrs"))))))} -> Manual / cuando aplique | P30: Buenos días chicos,_x000D_ _x000D_ Como recordatorio, les pido de su amable apoyo para:_x000D_ _x000D_ * Lavar, secar y guardar los trastes que utilicen._x000D_ * Barrer la cocina y dejarla limpia para que la siguiente persona la encuentre en las mismas condiciones._x000D_ * Apagar todas las luces que no estén utilizando._x000D_ * Colocar las sillas del comedor en su lugar después de usarlas._x000D_ _x000D_ Muchas gracias por su colaboración para mantener la casa limpia y ordenada.
A31: ACME Residence 005 | B31: Lavandería - horario | C31: TRUE | D31: FALSE | E31: FALSE | F31: TRUE | G31: FALSE | H31: FALSE | I31: FALSE | J31: 19:00 hrs | K31: SI | L31: NO | M31: PENDING | O31: {=_xlfn.LET(_xlpm.activo,K31,_xlpm.horaTxt,J31,_xlpm.base,TODAY(),_xlpm.fechas,_xlpm.base+_xlfn.SEQUENCE(180,,0),_xlpm.hora,IF(ISNUMBER(_xlpm.horaTxt),_xlpm.horaTxt,IFERROR(TIMEVALUE(SUBSTITUTE(_xlpm.horaTxt," hrs","")),TIME(9,0,0))),_xlpm.dias,(C31*(WEEKDAY(_xlpm.fechas,2)=1))+(D31*(WEEKDAY(_xlpm.fechas,2)=2))+(E31*(WEEKDAY(_xlpm.fechas,2)=3))+(F31*(WEEKDAY(_xlpm.fechas,2)=4))+(G31*(WEEKDAY(_xlpm.fechas,2)=5))+(H31*(WEEKDAY(_xlpm.fechas,2)=6))+(I31*(WEEKDAY(_xlpm.fechas,2)=7)),_xlpm.validas,_xlfn._xlws.FILTER(_xlpm.fechas,(_xlpm.dias>0)*((_xlpm.fechas+_xlpm.hora)>=(NOW()-TIME(0,3,0)))),_xlpm.prox,_xlfn.TAKE(_xlpm.validas,4),IF(_xlpm.activo<>"SI","Inactivo",IF(SUMPRODUCT(--C31:I31)=0,"Manual / cuando aplique",_xlfn.TEXTJOIN(CHAR(10),TRUE,_xlfn.MAP(_xlpm.prox,_xlfn.LAMBDA(_xlpm.f,CHOOSE(WEEKDAY(_xlpm.f),"domingo","lunes","martes","miércoles","jueves","viernes","sábado")&" "&TEXT(_xlpm.f,"dd")&"/"&CHOOSE(MONTH(_xlpm.f),"Ene","Feb","Mar","Abr","May","Jun","Jul","Ago","Sep","Oct","Nov","Dic")&"/"&TEXT(_xlpm.f,"yyyy")&" "&TEXT(_xlpm.hora,"hh:mm")&" hrs"))))))} -> lunes 13/Jul/2026 19:00 hrs jueves 16/Jul/2026 19:00 hrs lunes 20/Jul/2026 19:00 hrs jueves 23/Jul/2026 19:00 hrs | P31: Buenas tardes, chicos._x000D_ _x000D_ Solo para confirmarles que el horario de lavado ya está disponible. Pueden utilizar la lavandería de 7:00 p. m. a 10:30 p. m._x000D_ _x000D_ Gracias.
A32: ACME Residence 005 | B32: Lavandería - filtro secadora | C32: TRUE | D32: FALSE | E32: FALSE | F32: TRUE | G32: FALSE | H32: FALSE | I32: FALSE | J32: 20:00 hrs | K32: SI | L32: NO | M32: PENDING | O32: {=_xlfn.LET(_xlpm.activo,K32,_xlpm.horaTxt,J32,_xlpm.base,TODAY(),_xlpm.fechas,_xlpm.base+_xlfn.SEQUENCE(180,,0),_xlpm.hora,IF(ISNUMBER(_xlpm.horaTxt),_xlpm.horaTxt,IFERROR(TIMEVALUE(SUBSTITUTE(_xlpm.horaTxt," hrs","")),TIME(9,0,0))),_xlpm.dias,(C32*(WEEKDAY(_xlpm.fechas,2)=1))+(D32*(WEEKDAY(_xlpm.fechas,2)=2))+(E32*(WEEKDAY(_xlpm.fechas,2)=3))+(F32*(WEEKDAY(_xlpm.fechas,2)=4))+(G32*(WEEKDAY(_xlpm.fechas,2)=5))+(H32*(WEEKDAY(_xlpm.fechas,2)=6))+(I32*(WEEKDAY(_xlpm.fechas,2)=7)),_xlpm.validas,_xlfn._xlws.FILTER(_xlpm.fechas,(_xlpm.dias>0)*((_xlpm.fechas+_xlpm.hora)>=(NOW()-TIME(0,3,0)))),_xlpm.prox,_xlfn.TAKE(_xlpm.validas,4),IF(_xlpm.activo<>"SI","Inactivo",IF(SUMPRODUCT(--C32:I32)=0,"Manual / cuando aplique",_xlfn.TEXTJOIN(CHAR(10),TRUE,_xlfn.MAP(_xlpm.prox,_xlfn.LAMBDA(_xlpm.f,CHOOSE(WEEKDAY(_xlpm.f),"domingo","lunes","martes","miércoles","jueves","viernes","sábado")&" "&TEXT(_xlpm.f,"dd")&"/"&CHOOSE(MONTH(_xlpm.f),"Ene","Feb","Mar","Abr","May","Jun","Jul","Ago","Sep","Oct","Nov","Dic")&"/"&TEXT(_xlpm.f,"yyyy")&" "&TEXT(_xlpm.hora,"hh:mm")&" hrs"))))))} -> lunes 13/Jul/2026 20:00 hrs jueves 16/Jul/2026 20:00 hrs lunes 20/Jul/2026 20:00 hrs jueves 23/Jul/2026 20:00 hrs | P32: Como recordatorio, les pido que después de utilizar la secadora limpien el filtro. Es importante cuidarla para mantenerla en buen funcionamiento y evitar daños._x000D_ _x000D_ Gracias por su apoyo.
A33: ACME Residence 005 | B33: Estufa y luces | C33: FALSE | D33: TRUE | E33: FALSE | F33: TRUE | G33: FALSE | H33: FALSE | I33: FALSE | J33: 21:00 hrs | K33: SI | L33: NO | M33: PENDING | O33: {=_xlfn.LET(_xlpm.activo,K33,_xlpm.horaTxt,J33,_xlpm.base,TODAY(),_xlpm.fechas,_xlpm.base+_xlfn.SEQUENCE(180,,0),_xlpm.hora,IF(ISNUMBER(_xlpm.horaTxt),_xlpm.horaTxt,IFERROR(TIMEVALUE(SUBSTITUTE(_xlpm.horaTxt," hrs","")),TIME(9,0,0))),_xlpm.dias,(C33*(WEEKDAY(_xlpm.fechas,2)=1))+(D33*(WEEKDAY(_xlpm.fechas,2)=2))+(E33*(WEEKDAY(_xlpm.fechas,2)=3))+(F33*(WEEKDAY(_xlpm.fechas,2)=4))+(G33*(WEEKDAY(_xlpm.fechas,2)=5))+(H33*(WEEKDAY(_xlpm.fechas,2)=6))+(I33*(WEEKDAY(_xlpm.fechas,2)=7)),_xlpm.validas,_xlfn._xlws.FILTER(_xlpm.fechas,(_xlpm.dias>0)*((_xlpm.fechas+_xlpm.hora)>=(NOW()-TIME(0,3,0)))),_xlpm.prox,_xlfn.TAKE(_xlpm.validas,4),IF(_xlpm.activo<>"SI","Inactivo",IF(SUMPRODUCT(--C33:I33)=0,"Manual / cuando aplique",_xlfn.TEXTJOIN(CHAR(10),TRUE,_xlfn.MAP(_xlpm.prox,_xlfn.LAMBDA(_xlpm.f,CHOOSE(WEEKDAY(_xlpm.f),"domingo","lunes","martes","miércoles","jueves","viernes","sábado")&" "&TEXT(_xlpm.f,"dd")&"/"&CHOOSE(MONTH(_xlpm.f),"Ene","Feb","Mar","Abr","May","Jun","Jul","Ago","Sep","Oct","Nov","Dic")&"/"&TEXT(_xlpm.f,"yyyy")&" "&TEXT(_xlpm.hora,"hh:mm")&" hrs"))))))} -> martes 14/Jul/2026 21:00 hrs jueves 16/Jul/2026 21:00 hrs martes 21/Jul/2026 21:00 hrs jueves 23/Jul/2026 21:00 hrs | P33: Buenas noches a todos, chicos._x000D_ _x000D_ Como recordatorio, les pido que antes de dormir verifiquen que la estufa esté completamente apagada para evitar accidentes. Asimismo, favor de apagar todas las luces que no se estén utilizando._x000D_ _x000D_ Gracias por su apoyo y que tengan una excelente noche.
A34: ACME Residence 005 | B34: Ruido fin de semana | C34: FALSE | D34: FALSE | E34: FALSE | F34: FALSE | G34: FALSE | H34: TRUE | I34: FALSE | J34: 21:00 hrs | K34: SI | L34: NO | M34: PENDING | O34: {=_xlfn.LET(_xlpm.activo,K34,_xlpm.horaTxt,J34,_xlpm.base,TODAY(),_xlpm.fechas,_xlpm.base+_xlfn.SEQUENCE(180,,0),_xlpm.hora,IF(ISNUMBER(_xlpm.horaTxt),_xlpm.horaTxt,IFERROR(TIMEVALUE(SUBSTITUTE(_xlpm.horaTxt," hrs","")),TIME(9,0,0))),_xlpm.dias,(C34*(WEEKDAY(_xlpm.fechas,2)=1))+(D34*(WEEKDAY(_xlpm.fechas,2)=2))+(E34*(WEEKDAY(_xlpm.fechas,2)=3))+(F34*(WEEKDAY(_xlpm.fechas,2)=4))+(G34*(WEEKDAY(_xlpm.fechas,2)=5))+(H34*(WEEKDAY(_xlpm.fechas,2)=6))+(I34*(WEEKDAY(_xlpm.fechas,2)=7)),_xlpm.validas,_xlfn._xlws.FILTER(_xlpm.fechas,(_xlpm.dias>0)*((_xlpm.fechas+_xlpm.hora)>=(NOW()-TIME(0,3,0)))),_xlpm.prox,_xlfn.TAKE(_xlpm.validas,4),IF(_xlpm.activo<>"SI","Inactivo",IF(SUMPRODUCT(--C34:I34)=0,"Manual / cuando aplique",_xlfn.TEXTJOIN(CHAR(10),TRUE,_xlfn.MAP(_xlpm.prox,_xlfn.LAMBDA(_xlpm.f,CHOOSE(WEEKDAY(_xlpm.f),"domingo","lunes","martes","miércoles","jueves","viernes","sábado")&" "&TEXT(_xlpm.f,"dd")&"/"&CHOOSE(MONTH(_xlpm.f),"Ene","Feb","Mar","Abr","May","Jun","Jul","Ago","Sep","Oct","Nov","Dic")&"/"&TEXT(_xlpm.f,"yyyy")&" "&TEXT(_xlpm.hora,"hh:mm")&" hrs"))))))} -> sábado 11/Jul/2026 21:00 hrs sábado 18/Jul/2026 21:00 hrs sábado 25/Jul/2026 21:00 hrs sábado 01/Ago/2026 21:00 hrs | P34: Buenas noches a todos, chicos._x000D_ _x000D_ Solo como recordatorio, al ser fin de semana les pedimos de la manera más amable que moderen el ruido. Sabemos que muchos aprovechan estos días, pero también hay personas que necesitan descansar después de una semana de trabajo._x000D_ _x000D_ Seamos considerados con los demás y ayudemos a mantener un ambiente tranquilo para todos._x000D_ _x000D_ Muchas gracias por su apoyo. ¡Que tengan una excelente noche!
A35: CASA / GRUPO: ACME Residence 006
A36: ACME Residence 006 | B36: Limpieza y orden | C36: FALSE | D36: FALSE | E36: FALSE | F36: FALSE | G36: FALSE | H36: FALSE | I36: FALSE | K36: SI | L36: NO | M36: PENDING | O36: {=_xlfn.LET(_xlpm.activo,K36,_xlpm.horaTxt,J36,_xlpm.base,TODAY(),_xlpm.fechas,_xlpm.base+_xlfn.SEQUENCE(180,,0),_xlpm.hora,IF(ISNUMBER(_xlpm.horaTxt),_xlpm.horaTxt,IFERROR(TIMEVALUE(SUBSTITUTE(_xlpm.horaTxt," hrs","")),TIME(9,0,0))),_xlpm.dias,(C36*(WEEKDAY(_xlpm.fechas,2)=1))+(D36*(WEEKDAY(_xlpm.fechas,2)=2))+(E36*(WEEKDAY(_xlpm.fechas,2)=3))+(F36*(WEEKDAY(_xlpm.fechas,2)=4))+(G36*(WEEKDAY(_xlpm.fechas,2)=5))+(H36*(WEEKDAY(_xlpm.fechas,2)=6))+(I36*(WEEKDAY(_xlpm.fechas,2)=7)),_xlpm.validas,_xlfn._xlws.FILTER(_xlpm.fechas,(_xlpm.dias>0)*((_xlpm.fechas+_xlpm.hora)>=(NOW()-TIME(0,3,0)))),_xlpm.prox,_xlfn.TAKE(_xlpm.validas,4),IF(_xlpm.activo<>"SI","Inactivo",IF(SUMPRODUCT(--C36:I36)=0,"Manual / cuando aplique",_xlfn.TEXTJOIN(CHAR(10),TRUE,_xlfn.MAP(_xlpm.prox,_xlfn.LAMBDA(_xlpm.f,CHOOSE(WEEKDAY(_xlpm.f),"domingo","lunes","martes","miércoles","jueves","viernes","sábado")&" "&TEXT(_xlpm.f,"dd")&"/"&CHOOSE(MONTH(_xlpm.f),"Ene","Feb","Mar","Abr","May","Jun","Jul","Ago","Sep","Oct","Nov","Dic")&"/"&TEXT(_xlpm.f,"yyyy")&" "&TEXT(_xlpm.hora,"hh:mm")&" hrs"))))))} -> Manual / cuando aplique | P36: Buenos días chicos,_x000D_ _x000D_ Como recordatorio, les pido de su amable apoyo para:_x000D_ _x000D_ * Lavar, secar y guardar los trastes que utilicen._x000D_ * Barrer la cocina y dejarla limpia para que la siguiente persona la encuentre en las mismas condiciones._x000D_ * Apagar todas las luces que no estén utilizando._x000D_ * Colocar las sillas del comedor en su lugar después de usarlas._x000D_ _x000D_ Muchas gracias por su colaboración para mantener la casa limpia y ordenada.
A37: ACME Residence 006 | B37: Lavandería - horario | C37: TRUE | D37: FALSE | E37: FALSE | F37: TRUE | G37: FALSE | H37: FALSE | I37: FALSE | J37: 19:00 hrs | K37: SI | L37: NO | M37: PENDING | O37: {=_xlfn.LET(_xlpm.activo,K37,_xlpm.horaTxt,J37,_xlpm.base,TODAY(),_xlpm.fechas,_xlpm.base+_xlfn.SEQUENCE(180,,0),_xlpm.hora,IF(ISNUMBER(_xlpm.horaTxt),_xlpm.horaTxt,IFERROR(TIMEVALUE(SUBSTITUTE(_xlpm.horaTxt," hrs","")),TIME(9,0,0))),_xlpm.dias,(C37*(WEEKDAY(_xlpm.fechas,2)=1))+(D37*(WEEKDAY(_xlpm.fechas,2)=2))+(E37*(WEEKDAY(_xlpm.fechas,2)=3))+(F37*(WEEKDAY(_xlpm.fechas,2)=4))+(G37*(WEEKDAY(_xlpm.fechas,2)=5))+(H37*(WEEKDAY(_xlpm.fechas,2)=6))+(I37*(WEEKDAY(_xlpm.fechas,2)=7)),_xlpm.validas,_xlfn._xlws.FILTER(_xlpm.fechas,(_xlpm.dias>0)*((_xlpm.fechas+_xlpm.hora)>=(NOW()-TIME(0,3,0)))),_xlpm.prox,_xlfn.TAKE(_xlpm.validas,4),IF(_xlpm.activo<>"SI","Inactivo",IF(SUMPRODUCT(--C37:I37)=0,"Manual / cuando aplique",_xlfn.TEXTJOIN(CHAR(10),TRUE,_xlfn.MAP(_xlpm.prox,_xlfn.LAMBDA(_xlpm.f,CHOOSE(WEEKDAY(_xlpm.f),"domingo","lunes","martes","miércoles","jueves","viernes","sábado")&" "&TEXT(_xlpm.f,"dd")&"/"&CHOOSE(MONTH(_xlpm.f),"Ene","Feb","Mar","Abr","May","Jun","Jul","Ago","Sep","Oct","Nov","Dic")&"/"&TEXT(_xlpm.f,"yyyy")&" "&TEXT(_xlpm.hora,"hh:mm")&" hrs"))))))} -> lunes 13/Jul/2026 19:00 hrs jueves 16/Jul/2026 19:00 hrs lunes 20/Jul/2026 19:00 hrs jueves 23/Jul/2026 19:00 hrs | P37: Buenas tardes, chicos._x000D_ _x000D_ Solo para confirmarles que el horario de lavado ya está disponible. Pueden utilizar la lavandería de 7:00 p. m. a 10:30 p. m._x000D_ _x000D_ Gracias.
A38: ACME Residence 006 | B38: Lavandería - filtro secadora | C38: TRUE | D38: FALSE | E38: FALSE | F38: TRUE | G38: FALSE | H38: FALSE | I38: FALSE | J38: 20:00 hrs | K38: SI | L38: NO | M38: PENDING | O38: {=_xlfn.LET(_xlpm.activo,K38,_xlpm.horaTxt,J38,_xlpm.base,TODAY(),_xlpm.fechas,_xlpm.base+_xlfn.SEQUENCE(180,,0),_xlpm.hora,IF(ISNUMBER(_xlpm.horaTxt),_xlpm.horaTxt,IFERROR(TIMEVALUE(SUBSTITUTE(_xlpm.horaTxt," hrs","")),TIME(9,0,0))),_xlpm.dias,(C38*(WEEKDAY(_xlpm.fechas,2)=1))+(D38*(WEEKDAY(_xlpm.fechas,2)=2))+(E38*(WEEKDAY(_xlpm.fechas,2)=3))+(F38*(WEEKDAY(_xlpm.fechas,2)=4))+(G38*(WEEKDAY(_xlpm.fechas,2)=5))+(H38*(WEEKDAY(_xlpm.fechas,2)=6))+(I38*(WEEKDAY(_xlpm.fechas,2)=7)),_xlpm.validas,_xlfn._xlws.FILTER(_xlpm.fechas,(_xlpm.dias>0)*((_xlpm.fechas+_xlpm.hora)>=(NOW()-TIME(0,3,0)))),_xlpm.prox,_xlfn.TAKE(_xlpm.validas,4),IF(_xlpm.activo<>"SI","Inactivo",IF(SUMPRODUCT(--C38:I38)=0,"Manual / cuando aplique",_xlfn.TEXTJOIN(CHAR(10),TRUE,_xlfn.MAP(_xlpm.prox,_xlfn.LAMBDA(_xlpm.f,CHOOSE(WEEKDAY(_xlpm.f),"domingo","lunes","martes","miércoles","jueves","viernes","sábado")&" "&TEXT(_xlpm.f,"dd")&"/"&CHOOSE(MONTH(_xlpm.f),"Ene","Feb","Mar","Abr","May","Jun","Jul","Ago","Sep","Oct","Nov","Dic")&"/"&TEXT(_xlpm.f,"yyyy")&" "&TEXT(_xlpm.hora,"hh:mm")&" hrs"))))))} -> lunes 13/Jul/2026 20:00 hrs jueves 16/Jul/2026 20:00 hrs lunes 20/Jul/2026 20:00 hrs jueves 23/Jul/2026 20:00 hrs | P38: Como recordatorio, les pido que después de utilizar la secadora limpien el filtro. Es importante cuidarla para mantenerla en buen funcionamiento y evitar daños._x000D_ _x000D_ Gracias por su apoyo.
A39: ACME Residence 006 | B39: Estufa y luces | C39: FALSE | D39: TRUE | E39: FALSE | F39: TRUE | G39: FALSE | H39: FALSE | I39: FALSE | J39: 21:00 hrs | K39: SI | L39: NO | M39: PENDING | O39: {=_xlfn.LET(_xlpm.activo,K39,_xlpm.horaTxt,J39,_xlpm.base,TODAY(),_xlpm.fechas,_xlpm.base+_xlfn.SEQUENCE(180,,0),_xlpm.hora,IF(ISNUMBER(_xlpm.horaTxt),_xlpm.horaTxt,IFERROR(TIMEVALUE(SUBSTITUTE(_xlpm.horaTxt," hrs","")),TIME(9,0,0))),_xlpm.dias,(C39*(WEEKDAY(_xlpm.fechas,2)=1))+(D39*(WEEKDAY(_xlpm.fechas,2)=2))+(E39*(WEEKDAY(_xlpm.fechas,2)=3))+(F39*(WEEKDAY(_xlpm.fechas,2)=4))+(G39*(WEEKDAY(_xlpm.fechas,2)=5))+(H39*(WEEKDAY(_xlpm.fechas,2)=6))+(I39*(WEEKDAY(_xlpm.fechas,2)=7)),_xlpm.validas,_xlfn._xlws.FILTER(_xlpm.fechas,(_xlpm.dias>0)*((_xlpm.fechas+_xlpm.hora)>=(NOW()-TIME(0,3,0)))),_xlpm.prox,_xlfn.TAKE(_xlpm.validas,4),IF(_xlpm.activo<>"SI","Inactivo",IF(SUMPRODUCT(--C39:I39)=0,"Manual / cuando aplique",_xlfn.TEXTJOIN(CHAR(10),TRUE,_xlfn.MAP(_xlpm.prox,_xlfn.LAMBDA(_xlpm.f,CHOOSE(WEEKDAY(_xlpm.f),"domingo","lunes","martes","miércoles","jueves","viernes","sábado")&" "&TEXT(_xlpm.f,"dd")&"/"&CHOOSE(MONTH(_xlpm.f),"Ene","Feb","Mar","Abr","May","Jun","Jul","Ago","Sep","Oct","Nov","Dic")&"/"&TEXT(_xlpm.f,"yyyy")&" "&TEXT(_xlpm.hora,"hh:mm")&" hrs"))))))} -> martes 14/Jul/2026 21:00 hrs jueves 16/Jul/2026 21:00 hrs martes 21/Jul/2026 21:00 hrs jueves 23/Jul/2026 21:00 hrs | P39: Buenas noches a todos, chicos._x000D_ _x000D_ Como recordatorio, les pido que antes de dormir verifiquen que la estufa esté completamente apagada para evitar accidentes. Asimismo, favor de apagar todas las luces que no se estén utilizando._x000D_ _x000D_ Gracias por su apoyo y que tengan una excelente noche.
A40: ACME Residence 006 | B40: Ruido fin de semana | C40: FALSE | D40: FALSE | E40: FALSE | F40: FALSE | G40: FALSE | H40: TRUE | I40: FALSE | J40: 21:00 hrs | K40: SI | L40: NO | M40: PENDING | O40: {=_xlfn.LET(_xlpm.activo,K40,_xlpm.horaTxt,J40,_xlpm.base,TODAY(),_xlpm.fechas,_xlpm.base+_xlfn.SEQUENCE(180,,0),_xlpm.hora,IF(ISNUMBER(_xlpm.horaTxt),_xlpm.horaTxt,IFERROR(TIMEVALUE(SUBSTITUTE(_xlpm.horaTxt," hrs","")),TIME(9,0,0))),_xlpm.dias,(C40*(WEEKDAY(_xlpm.fechas,2)=1))+(D40*(WEEKDAY(_xlpm.fechas,2)=2))+(E40*(WEEKDAY(_xlpm.fechas,2)=3))+(F40*(WEEKDAY(_xlpm.fechas,2)=4))+(G40*(WEEKDAY(_xlpm.fechas,2)=5))+(H40*(WEEKDAY(_xlpm.fechas,2)=6))+(I40*(WEEKDAY(_xlpm.fechas,2)=7)),_xlpm.validas,_xlfn._xlws.FILTER(_xlpm.fechas,(_xlpm.dias>0)*((_xlpm.fechas+_xlpm.hora)>=(NOW()-TIME(0,3,0)))),_xlpm.prox,_xlfn.TAKE(_xlpm.validas,4),IF(_xlpm.activo<>"SI","Inactivo",IF(SUMPRODUCT(--C40:I40)=0,"Manual / cuando aplique",_xlfn.TEXTJOIN(CHAR(10),TRUE,_xlfn.MAP(_xlpm.prox,_xlfn.LAMBDA(_xlpm.f,CHOOSE(WEEKDAY(_xlpm.f),"domingo","lunes","martes","miércoles","jueves","viernes","sábado")&" "&TEXT(_xlpm.f,"dd")&"/"&CHOOSE(MONTH(_xlpm.f),"Ene","Feb","Mar","Abr","May","Jun","Jul","Ago","Sep","Oct","Nov","Dic")&"/"&TEXT(_xlpm.f,"yyyy")&" "&TEXT(_xlpm.hora,"hh:mm")&" hrs"))))))} -> sábado 11/Jul/2026 21:00 hrs sábado 18/Jul/2026 21:00 hrs sábado 25/Jul/2026 21:00 hrs sábado 01/Ago/2026 21:00 hrs | P40: Buenas noches a todos, chicos._x000D_ _x000D_ Solo como recordatorio, al ser fin de semana les pedimos de la manera más amable que moderen el ruido. Sabemos que muchos aprovechan estos días, pero también hay personas que necesitan descansar después de una semana de trabajo._x000D_ _x000D_ Seamos considerados con los demás y ayudemos a mantener un ambiente tranquilo para todos._x000D_ _x000D_ Muchas gracias por su apoyo. ¡Que tengan una excelente noche!
A41: CASA / GRUPO: ACME Residence 007
A42: ACME Residence 007 | B42: Limpieza y orden | C42: FALSE | D42: FALSE | E42: FALSE | F42: FALSE | G42: FALSE | H42: FALSE | I42: FALSE | K42: SI | L42: NO | M42: PENDING | O42: {=_xlfn.LET(_xlpm.activo,K42,_xlpm.horaTxt,J42,_xlpm.base,TODAY(),_xlpm.fechas,_xlpm.base+_xlfn.SEQUENCE(180,,0),_xlpm.hora,IF(ISNUMBER(_xlpm.horaTxt),_xlpm.horaTxt,IFERROR(TIMEVALUE(SUBSTITUTE(_xlpm.horaTxt," hrs","")),TIME(9,0,0))),_xlpm.dias,(C42*(WEEKDAY(_xlpm.fechas,2)=1))+(D42*(WEEKDAY(_xlpm.fechas,2)=2))+(E42*(WEEKDAY(_xlpm.fechas,2)=3))+(F42*(WEEKDAY(_xlpm.fechas,2)=4))+(G42*(WEEKDAY(_xlpm.fechas,2)=5))+(H42*(WEEKDAY(_xlpm.fechas,2)=6))+(I42*(WEEKDAY(_xlpm.fechas,2)=7)),_xlpm.validas,_xlfn._xlws.FILTER(_xlpm.fechas,(_xlpm.dias>0)*((_xlpm.fechas+_xlpm.hora)>=(NOW()-TIME(0,3,0)))),_xlpm.prox,_xlfn.TAKE(_xlpm.validas,4),IF(_xlpm.activo<>"SI","Inactivo",IF(SUMPRODUCT(--C42:I42)=0,"Manual / cuando aplique",_xlfn.TEXTJOIN(CHAR(10),TRUE,_xlfn.MAP(_xlpm.prox,_xlfn.LAMBDA(_xlpm.f,CHOOSE(WEEKDAY(_xlpm.f),"domingo","lunes","martes","miércoles","jueves","viernes","sábado")&" "&TEXT(_xlpm.f,"dd")&"/"&CHOOSE(MONTH(_xlpm.f),"Ene","Feb","Mar","Abr","May","Jun","Jul","Ago","Sep","Oct","Nov","Dic")&"/"&TEXT(_xlpm.f,"yyyy")&" "&TEXT(_xlpm.hora,"hh:mm")&" hrs"))))))} -> Manual / cuando aplique | P42: Buenos días chicos,_x000D_ _x000D_ Como recordatorio, les pido de su amable apoyo para:_x000D_ _x000D_ * Lavar, secar y guardar los trastes que utilicen._x000D_ * Barrer la cocina y dejarla limpia para que la siguiente persona la encuentre en las mismas condiciones._x000D_ * Apagar todas las luces que no estén utilizando._x000D_ * Colocar las sillas del comedor en su lugar después de usarlas._x000D_ _x000D_ Muchas gracias por su colaboración para mantener la casa limpia y ordenada.
A43: ACME Residence 007 | B43: Lavandería - horario | C43: TRUE | D43: FALSE | E43: FALSE | F43: TRUE | G43: FALSE | H43: FALSE | I43: FALSE | J43: 19:00 hrs | K43: SI | L43: NO | M43: PENDING | O43: {=_xlfn.LET(_xlpm.activo,K43,_xlpm.horaTxt,J43,_xlpm.base,TODAY(),_xlpm.fechas,_xlpm.base+_xlfn.SEQUENCE(180,,0),_xlpm.hora,IF(ISNUMBER(_xlpm.horaTxt),_xlpm.horaTxt,IFERROR(TIMEVALUE(SUBSTITUTE(_xlpm.horaTxt," hrs","")),TIME(9,0,0))),_xlpm.dias,(C43*(WEEKDAY(_xlpm.fechas,2)=1))+(D43*(WEEKDAY(_xlpm.fechas,2)=2))+(E43*(WEEKDAY(_xlpm.fechas,2)=3))+(F43*(WEEKDAY(_xlpm.fechas,2)=4))+(G43*(WEEKDAY(_xlpm.fechas,2)=5))+(H43*(WEEKDAY(_xlpm.fechas,2)=6))+(I43*(WEEKDAY(_xlpm.fechas,2)=7)),_xlpm.validas,_xlfn._xlws.FILTER(_xlpm.fechas,(_xlpm.dias>0)*((_xlpm.fechas+_xlpm.hora)>=(NOW()-TIME(0,3,0)))),_xlpm.prox,_xlfn.TAKE(_xlpm.validas,4),IF(_xlpm.activo<>"SI","Inactivo",IF(SUMPRODUCT(--C43:I43)=0,"Manual / cuando aplique",_xlfn.TEXTJOIN(CHAR(10),TRUE,_xlfn.MAP(_xlpm.prox,_xlfn.LAMBDA(_xlpm.f,CHOOSE(WEEKDAY(_xlpm.f),"domingo","lunes","martes","miércoles","jueves","viernes","sábado")&" "&TEXT(_xlpm.f,"dd")&"/"&CHOOSE(MONTH(_xlpm.f),"Ene","Feb","Mar","Abr","May","Jun","Jul","Ago","Sep","Oct","Nov","Dic")&"/"&TEXT(_xlpm.f,"yyyy")&" "&TEXT(_xlpm.hora,"hh:mm")&" hrs"))))))} -> lunes 13/Jul/2026 19:00 hrs jueves 16/Jul/2026 19:00 hrs lunes 20/Jul/2026 19:00 hrs jueves 23/Jul/2026 19:00 hrs | P43: Buenas tardes, chicos._x000D_ _x000D_ Solo para confirmarles que el horario de lavado ya está disponible. Pueden utilizar la lavandería de 7:00 p. m. a 10:30 p. m._x000D_ _x000D_ Gracias.
A44: ACME Residence 007 | B44: Lavandería - filtro secadora | C44: TRUE | D44: FALSE | E44: FALSE | F44: TRUE | G44: FALSE | H44: FALSE | I44: FALSE | J44: 20:00 hrs | K44: SI | L44: NO | M44: PENDING | O44: {=_xlfn.LET(_xlpm.activo,K44,_xlpm.horaTxt,J44,_xlpm.base,TODAY(),_xlpm.fechas,_xlpm.base+_xlfn.SEQUENCE(180,,0),_xlpm.hora,IF(ISNUMBER(_xlpm.horaTxt),_xlpm.horaTxt,IFERROR(TIMEVALUE(SUBSTITUTE(_xlpm.horaTxt," hrs","")),TIME(9,0,0))),_xlpm.dias,(C44*(WEEKDAY(_xlpm.fechas,2)=1))+(D44*(WEEKDAY(_xlpm.fechas,2)=2))+(E44*(WEEKDAY(_xlpm.fechas,2)=3))+(F44*(WEEKDAY(_xlpm.fechas,2)=4))+(G44*(WEEKDAY(_xlpm.fechas,2)=5))+(H44*(WEEKDAY(_xlpm.fechas,2)=6))+(I44*(WEEKDAY(_xlpm.fechas,2)=7)),_xlpm.validas,_xlfn._xlws.FILTER(_xlpm.fechas,(_xlpm.dias>0)*((_xlpm.fechas+_xlpm.hora)>=(NOW()-TIME(0,3,0)))),_xlpm.prox,_xlfn.TAKE(_xlpm.validas,4),IF(_xlpm.activo<>"SI","Inactivo",IF(SUMPRODUCT(--C44:I44)=0,"Manual / cuando aplique",_xlfn.TEXTJOIN(CHAR(10),TRUE,_xlfn.MAP(_xlpm.prox,_xlfn.LAMBDA(_xlpm.f,CHOOSE(WEEKDAY(_xlpm.f),"domingo","lunes","martes","miércoles","jueves","viernes","sábado")&" "&TEXT(_xlpm.f,"dd")&"/"&CHOOSE(MONTH(_xlpm.f),"Ene","Feb","Mar","Abr","May","Jun","Jul","Ago","Sep","Oct","Nov","Dic")&"/"&TEXT(_xlpm.f,"yyyy")&" "&TEXT(_xlpm.hora,"hh:mm")&" hrs"))))))} -> lunes 13/Jul/2026 20:00 hrs jueves 16/Jul/2026 20:00 hrs lunes 20/Jul/2026 20:00 hrs jueves 23/Jul/2026 20:00 hrs | P44: Como recordatorio, les pido que después de utilizar la secadora limpien el filtro. Es importante cuidarla para mantenerla en buen funcionamiento y evitar daños._x000D_ _x000D_ Gracias por su apoyo.
A45: ACME Residence 007 | B45: Estufa y luces | C45: FALSE | D45: TRUE | E45: FALSE | F45: TRUE | G45: FALSE | H45: FALSE | I45: FALSE | J45: 21:00 hrs | K45: SI | L45: NO | M45: PENDING | O45: {=_xlfn.LET(_xlpm.activo,K45,_xlpm.horaTxt,J45,_xlpm.base,TODAY(),_xlpm.fechas,_xlpm.base+_xlfn.SEQUENCE(180,,0),_xlpm.hora,IF(ISNUMBER(_xlpm.horaTxt),_xlpm.horaTxt,IFERROR(TIMEVALUE(SUBSTITUTE(_xlpm.horaTxt," hrs","")),TIME(9,0,0))),_xlpm.dias,(C45*(WEEKDAY(_xlpm.fechas,2)=1))+(D45*(WEEKDAY(_xlpm.fechas,2)=2))+(E45*(WEEKDAY(_xlpm.fechas,2)=3))+(F45*(WEEKDAY(_xlpm.fechas,2)=4))+(G45*(WEEKDAY(_xlpm.fechas,2)=5))+(H45*(WEEKDAY(_xlpm.fechas,2)=6))+(I45*(WEEKDAY(_xlpm.fechas,2)=7)),_xlpm.validas,_xlfn._xlws.FILTER(_xlpm.fechas,(_xlpm.dias>0)*((_xlpm.fechas+_xlpm.hora)>=(NOW()-TIME(0,3,0)))),_xlpm.prox,_xlfn.TAKE(_xlpm.validas,4),IF(_xlpm.activo<>"SI","Inactivo",IF(SUMPRODUCT(--C45:I45)=0,"Manual / cuando aplique",_xlfn.TEXTJOIN(CHAR(10),TRUE,_xlfn.MAP(_xlpm.prox,_xlfn.LAMBDA(_xlpm.f,CHOOSE(WEEKDAY(_xlpm.f),"domingo","lunes","martes","miércoles","jueves","viernes","sábado")&" "&TEXT(_xlpm.f,"dd")&"/"&CHOOSE(MONTH(_xlpm.f),"Ene","Feb","Mar","Abr","May","Jun","Jul","Ago","Sep","Oct","Nov","Dic")&"/"&TEXT(_xlpm.f,"yyyy")&" "&TEXT(_xlpm.hora,"hh:mm")&" hrs"))))))} -> martes 14/Jul/2026 21:00 hrs jueves 16/Jul/2026 21:00 hrs martes 21/Jul/2026 21:00 hrs jueves 23/Jul/2026 21:00 hrs | P45: Buenas noches a todos, chicos._x000D_ _x000D_ Como recordatorio, les pido que antes de dormir verifiquen que la estufa esté completamente apagada para evitar accidentes. Asimismo, favor de apagar todas las luces que no se estén utilizando._x000D_ _x000D_ Gracias por su apoyo y que tengan una excelente noche.
A46: ACME Residence 007 | B46: Ruido fin de semana | C46: FALSE | D46: FALSE | E46: FALSE | F46: FALSE | G46: FALSE | H46: TRUE | I46: FALSE | J46: 21:00 hrs | K46: SI | L46: NO | M46: PENDING | O46: {=_xlfn.LET(_xlpm.activo,K46,_xlpm.horaTxt,J46,_xlpm.base,TODAY(),_xlpm.fechas,_xlpm.base+_xlfn.SEQUENCE(180,,0),_xlpm.hora,IF(ISNUMBER(_xlpm.horaTxt),_xlpm.horaTxt,IFERROR(TIMEVALUE(SUBSTITUTE(_xlpm.horaTxt," hrs","")),TIME(9,0,0))),_xlpm.dias,(C46*(WEEKDAY(_xlpm.fechas,2)=1))+(D46*(WEEKDAY(_xlpm.fechas,2)=2))+(E46*(WEEKDAY(_xlpm.fechas,2)=3))+(F46*(WEEKDAY(_xlpm.fechas,2)=4))+(G46*(WEEKDAY(_xlpm.fechas,2)=5))+(H46*(WEEKDAY(_xlpm.fechas,2)=6))+(I46*(WEEKDAY(_xlpm.fechas,2)=7)),_xlpm.validas,_xlfn._xlws.FILTER(_xlpm.fechas,(_xlpm.dias>0)*((_xlpm.fechas+_xlpm.hora)>=(NOW()-TIME(0,3,0)))),_xlpm.prox,_xlfn.TAKE(_xlpm.validas,4),IF(_xlpm.activo<>"SI","Inactivo",IF(SUMPRODUCT(--C46:I46)=0,"Manual / cuando aplique",_xlfn.TEXTJOIN(CHAR(10),TRUE,_xlfn.MAP(_xlpm.prox,_xlfn.LAMBDA(_xlpm.f,CHOOSE(WEEKDAY(_xlpm.f),"domingo","lunes","martes","miércoles","jueves","viernes","sábado")&" "&TEXT(_xlpm.f,"dd")&"/"&CHOOSE(MONTH(_xlpm.f),"Ene","Feb","Mar","Abr","May","Jun","Jul","Ago","Sep","Oct","Nov","Dic")&"/"&TEXT(_xlpm.f,"yyyy")&" "&TEXT(_xlpm.hora,"hh:mm")&" hrs"))))))} -> sábado 11/Jul/2026 21:00 hrs sábado 18/Jul/2026 21:00 hrs sábado 25/Jul/2026 21:00 hrs sábado 01/Ago/2026 21:00 hrs | P46: Buenas noches a todos, chicos._x000D_ _x000D_ Solo como recordatorio, al ser fin de semana les pedimos de la manera más amable que moderen el ruido. Sabemos que muchos aprovechan estos días, pero también hay personas que necesitan descansar después de una semana de trabajo._x000D_ _x000D_ Seamos considerados con los demás y ayudemos a mantener un ambiente tranquilo para todos._x000D_ _x000D_ Muchas gracias por su apoyo. ¡Que tengan una excelente noche!
A47: CASA / GRUPO: ACME Residence 008
A48: ACME Residence 008 | B48: Limpieza y orden | C48: FALSE | D48: FALSE | E48: FALSE | F48: FALSE | G48: FALSE | H48: FALSE | I48: FALSE | K48: SI | L48: NO | M48: PENDING | O48: {=_xlfn.LET(_xlpm.activo,K48,_xlpm.horaTxt,J48,_xlpm.base,TODAY(),_xlpm.fechas,_xlpm.base+_xlfn.SEQUENCE(180,,0),_xlpm.hora,IF(ISNUMBER(_xlpm.horaTxt),_xlpm.horaTxt,IFERROR(TIMEVALUE(SUBSTITUTE(_xlpm.horaTxt," hrs","")),TIME(9,0,0))),_xlpm.dias,(C48*(WEEKDAY(_xlpm.fechas,2)=1))+(D48*(WEEKDAY(_xlpm.fechas,2)=2))+(E48*(WEEKDAY(_xlpm.fechas,2)=3))+(F48*(WEEKDAY(_xlpm.fechas,2)=4))+(G48*(WEEKDAY(_xlpm.fechas,2)=5))+(H48*(WEEKDAY(_xlpm.fechas,2)=6))+(I48*(WEEKDAY(_xlpm.fechas,2)=7)),_xlpm.validas,_xlfn._xlws.FILTER(_xlpm.fechas,(_xlpm.dias>0)*((_xlpm.fechas+_xlpm.hora)>=(NOW()-TIME(0,3,0)))),_xlpm.prox,_xlfn.TAKE(_xlpm.validas,4),IF(_xlpm.activo<>"SI","Inactivo",IF(SUMPRODUCT(--C48:I48)=0,"Manual / cuando aplique",_xlfn.TEXTJOIN(CHAR(10),TRUE,_xlfn.MAP(_xlpm.prox,_xlfn.LAMBDA(_xlpm.f,CHOOSE(WEEKDAY(_xlpm.f),"domingo","lunes","martes","miércoles","jueves","viernes","sábado")&" "&TEXT(_xlpm.f,"dd")&"/"&CHOOSE(MONTH(_xlpm.f),"Ene","Feb","Mar","Abr","May","Jun","Jul","Ago","Sep","Oct","Nov","Dic")&"/"&TEXT(_xlpm.f,"yyyy")&" "&TEXT(_xlpm.hora,"hh:mm")&" hrs"))))))} -> Manual / cuando aplique | P48: Buenos días chicos,_x000D_ _x000D_ Como recordatorio, les pido de su amable apoyo para:_x000D_ _x000D_ * Lavar, secar y guardar los trastes que utilicen._x000D_ * Barrer la cocina y dejarla limpia para que la siguiente persona la encuentre en las mismas condiciones._x000D_ * Apagar todas las luces que no estén utilizando._x000D_ * Colocar las sillas del comedor en su lugar después de usarlas._x000D_ _x000D_ Muchas gracias por su colaboración para mantener la casa limpia y ordenada.
A49: ACME Residence 008 | B49: Lavandería - horario | C49: TRUE | D49: FALSE | E49: FALSE | F49: TRUE | G49: FALSE | H49: FALSE | I49: FALSE | J49: 19:00 hrs | K49: SI | L49: NO | M49: PENDING | O49: {=_xlfn.LET(_xlpm.activo,K49,_xlpm.horaTxt,J49,_xlpm.base,TODAY(),_xlpm.fechas,_xlpm.base+_xlfn.SEQUENCE(180,,0),_xlpm.hora,IF(ISNUMBER(_xlpm.horaTxt),_xlpm.horaTxt,IFERROR(TIMEVALUE(SUBSTITUTE(_xlpm.horaTxt," hrs","")),TIME(9,0,0))),_xlpm.dias,(C49*(WEEKDAY(_xlpm.fechas,2)=1))+(D49*(WEEKDAY(_xlpm.fechas,2)=2))+(E49*(WEEKDAY(_xlpm.fechas,2)=3))+(F49*(WEEKDAY(_xlpm.fechas,2)=4))+(G49*(WEEKDAY(_xlpm.fechas,2)=5))+(H49*(WEEKDAY(_xlpm.fechas,2)=6))+(I49*(WEEKDAY(_xlpm.fechas,2)=7)),_xlpm.validas,_xlfn._xlws.FILTER(_xlpm.fechas,(_xlpm.dias>0)*((_xlpm.fechas+_xlpm.hora)>=(NOW()-TIME(0,3,0)))),_xlpm.prox,_xlfn.TAKE(_xlpm.validas,4),IF(_xlpm.activo<>"SI","Inactivo",IF(SUMPRODUCT(--C49:I49)=0,"Manual / cuando aplique",_xlfn.TEXTJOIN(CHAR(10),TRUE,_xlfn.MAP(_xlpm.prox,_xlfn.LAMBDA(_xlpm.f,CHOOSE(WEEKDAY(_xlpm.f),"domingo","lunes","martes","miércoles","jueves","viernes","sábado")&" "&TEXT(_xlpm.f,"dd")&"/"&CHOOSE(MONTH(_xlpm.f),"Ene","Feb","Mar","Abr","May","Jun","Jul","Ago","Sep","Oct","Nov","Dic")&"/"&TEXT(_xlpm.f,"yyyy")&" "&TEXT(_xlpm.hora,"hh:mm")&" hrs"))))))} -> lunes 13/Jul/2026 19:00 hrs jueves 16/Jul/2026 19:00 hrs lunes 20/Jul/2026 19:00 hrs jueves 23/Jul/2026 19:00 hrs | P49: Buenas tardes, chicos._x000D_ _x000D_ Solo para confirmarles que el horario de lavado ya está disponible. Pueden utilizar la lavandería de 7:00 p. m. a 10:30 p. m._x000D_ _x000D_ Gracias.
A50: ACME Residence 008 | B50: Lavandería - filtro secadora | C50: TRUE | D50: FALSE | E50: FALSE | F50: TRUE | G50: FALSE | H50: FALSE | I50: FALSE | J50: 20:00 hrs | K50: SI | L50: NO | M50: PENDING | O50: {=_xlfn.LET(_xlpm.activo,K50,_xlpm.horaTxt,J50,_xlpm.base,TODAY(),_xlpm.fechas,_xlpm.base+_xlfn.SEQUENCE(180,,0),_xlpm.hora,IF(ISNUMBER(_xlpm.horaTxt),_xlpm.horaTxt,IFERROR(TIMEVALUE(SUBSTITUTE(_xlpm.horaTxt," hrs","")),TIME(9,0,0))),_xlpm.dias,(C50*(WEEKDAY(_xlpm.fechas,2)=1))+(D50*(WEEKDAY(_xlpm.fechas,2)=2))+(E50*(WEEKDAY(_xlpm.fechas,2)=3))+(F50*(WEEKDAY(_xlpm.fechas,2)=4))+(G50*(WEEKDAY(_xlpm.fechas,2)=5))+(H50*(WEEKDAY(_xlpm.fechas,2)=6))+(I50*(WEEKDAY(_xlpm.fechas,2)=7)),_xlpm.validas,_xlfn._xlws.FILTER(_xlpm.fechas,(_xlpm.dias>0)*((_xlpm.fechas+_xlpm.hora)>=(NOW()-TIME(0,3,0)))),_xlpm.prox,_xlfn.TAKE(_xlpm.validas,4),IF(_xlpm.activo<>"SI","Inactivo",IF(SUMPRODUCT(--C50:I50)=0,"Manual / cuando aplique",_xlfn.TEXTJOIN(CHAR(10),TRUE,_xlfn.MAP(_xlpm.prox,_xlfn.LAMBDA(_xlpm.f,CHOOSE(WEEKDAY(_xlpm.f),"domingo","lunes","martes","miércoles","jueves","viernes","sábado")&" "&TEXT(_xlpm.f,"dd")&"/"&CHOOSE(MONTH(_xlpm.f),"Ene","Feb","Mar","Abr","May","Jun","Jul","Ago","Sep","Oct","Nov","Dic")&"/"&TEXT(_xlpm.f,"yyyy")&" "&TEXT(_xlpm.hora,"hh:mm")&" hrs"))))))} -> lunes 13/Jul/2026 20:00 hrs jueves 16/Jul/2026 20:00 hrs lunes 20/Jul/2026 20:00 hrs jueves 23/Jul/2026 20:00 hrs | P50: Como recordatorio, les pido que después de utilizar la secadora limpien el filtro. Es importante cuidarla para mantenerla en buen funcionamiento y evitar daños._x000D_ _x000D_ Gracias por su apoyo.
A51: ACME Residence 008 | B51: Estufa y luces | C51: FALSE | D51: TRUE | E51: FALSE | F51: TRUE | G51: FALSE | H51: FALSE | I51: FALSE | J51: 21:00 hrs | K51: SI | L51: NO | M51: PENDING | O51: {=_xlfn.LET(_xlpm.activo,K51,_xlpm.horaTxt,J51,_xlpm.base,TODAY(),_xlpm.fechas,_xlpm.base+_xlfn.SEQUENCE(180,,0),_xlpm.hora,IF(ISNUMBER(_xlpm.horaTxt),_xlpm.horaTxt,IFERROR(TIMEVALUE(SUBSTITUTE(_xlpm.horaTxt," hrs","")),TIME(9,0,0))),_xlpm.dias,(C51*(WEEKDAY(_xlpm.fechas,2)=1))+(D51*(WEEKDAY(_xlpm.fechas,2)=2))+(E51*(WEEKDAY(_xlpm.fechas,2)=3))+(F51*(WEEKDAY(_xlpm.fechas,2)=4))+(G51*(WEEKDAY(_xlpm.fechas,2)=5))+(H51*(WEEKDAY(_xlpm.fechas,2)=6))+(I51*(WEEKDAY(_xlpm.fechas,2)=7)),_xlpm.validas,_xlfn._xlws.FILTER(_xlpm.fechas,(_xlpm.dias>0)*((_xlpm.fechas+_xlpm.hora)>=(NOW()-TIME(0,3,0)))),_xlpm.prox,_xlfn.TAKE(_xlpm.validas,4),IF(_xlpm.activo<>"SI","Inactivo",IF(SUMPRODUCT(--C51:I51)=0,"Manual / cuando aplique",_xlfn.TEXTJOIN(CHAR(10),TRUE,_xlfn.MAP(_xlpm.prox,_xlfn.LAMBDA(_xlpm.f,CHOOSE(WEEKDAY(_xlpm.f),"domingo","lunes","martes","miércoles","jueves","viernes","sábado")&" "&TEXT(_xlpm.f,"dd")&"/"&CHOOSE(MONTH(_xlpm.f),"Ene","Feb","Mar","Abr","May","Jun","Jul","Ago","Sep","Oct","Nov","Dic")&"/"&TEXT(_xlpm.f,"yyyy")&" "&TEXT(_xlpm.hora,"hh:mm")&" hrs"))))))} -> martes 14/Jul/2026 21:00 hrs jueves 16/Jul/2026 21:00 hrs martes 21/Jul/2026 21:00 hrs jueves 23/Jul/2026 21:00 hrs | P51: Buenas noches a todos, chicos._x000D_ _x000D_ Como recordatorio, les pido que antes de dormir verifiquen que la estufa esté completamente apagada para evitar accidentes. Asimismo, favor de apagar todas las luces que no se estén utilizando._x000D_ _x000D_ Gracias por su apoyo y que tengan una excelente noche.
A52: ACME Residence 008 | B52: Ruido fin de semana | C52: FALSE | D52: FALSE | E52: FALSE | F52: FALSE | G52: FALSE | H52: TRUE | I52: FALSE | J52: 21:00 hrs | K52: SI | L52: NO | M52: PENDING | O52: {=_xlfn.LET(_xlpm.activo,K52,_xlpm.horaTxt,J52,_xlpm.base,TODAY(),_xlpm.fechas,_xlpm.base+_xlfn.SEQUENCE(180,,0),_xlpm.hora,IF(ISNUMBER(_xlpm.horaTxt),_xlpm.horaTxt,IFERROR(TIMEVALUE(SUBSTITUTE(_xlpm.horaTxt," hrs","")),TIME(9,0,0))),_xlpm.dias,(C52*(WEEKDAY(_xlpm.fechas,2)=1))+(D52*(WEEKDAY(_xlpm.fechas,2)=2))+(E52*(WEEKDAY(_xlpm.fechas,2)=3))+(F52*(WEEKDAY(_xlpm.fechas,2)=4))+(G52*(WEEKDAY(_xlpm.fechas,2)=5))+(H52*(WEEKDAY(_xlpm.fechas,2)=6))+(I52*(WEEKDAY(_xlpm.fechas,2)=7)),_xlpm.validas,_xlfn._xlws.FILTER(_xlpm.fechas,(_xlpm.dias>0)*((_xlpm.fechas+_xlpm.hora)>=(NOW()-TIME(0,3,0)))),_xlpm.prox,_xlfn.TAKE(_xlpm.validas,4),IF(_xlpm.activo<>"SI","Inactivo",IF(SUMPRODUCT(--C52:I52)=0,"Manual / cuando aplique",_xlfn.TEXTJOIN(CHAR(10),TRUE,_xlfn.MAP(_xlpm.prox,_xlfn.LAMBDA(_xlpm.f,CHOOSE(WEEKDAY(_xlpm.f),"domingo","lunes","martes","miércoles","jueves","viernes","sábado")&" "&TEXT(_xlpm.f,"dd")&"/"&CHOOSE(MONTH(_xlpm.f),"Ene","Feb","Mar","Abr","May","Jun","Jul","Ago","Sep","Oct","Nov","Dic")&"/"&TEXT(_xlpm.f,"yyyy")&" "&TEXT(_xlpm.hora,"hh:mm")&" hrs"))))))} -> sábado 11/Jul/2026 21:00 hrs sábado 18/Jul/2026 21:00 hrs sábado 25/Jul/2026 21:00 hrs sábado 01/Ago/2026 21:00 hrs | P52: Buenas noches a todos, chicos._x000D_ _x000D_ Solo como recordatorio, al ser fin de semana les pedimos de la manera más amable que moderen el ruido. Sabemos que muchos aprovechan estos días, pero también hay personas que necesitan descansar después de una semana de trabajo._x000D_ _x000D_ Seamos considerados con los demás y ayudemos a mantener un ambiente tranquilo para todos._x000D_ _x000D_ Muchas gracias por su apoyo. ¡Que tengan una excelente noche!
A53: CASA / GRUPO: ACME Residence 009
A54: ACME Residence 009 | B54: Limpieza y orden | C54: FALSE | D54: FALSE | E54: FALSE | F54: FALSE | G54: FALSE | H54: FALSE | I54: FALSE | K54: SI | L54: NO | M54: PENDING | O54: {=_xlfn.LET(_xlpm.activo,K54,_xlpm.horaTxt,J54,_xlpm.base,TODAY(),_xlpm.fechas,_xlpm.base+_xlfn.SEQUENCE(180,,0),_xlpm.hora,IF(ISNUMBER(_xlpm.horaTxt),_xlpm.horaTxt,IFERROR(TIMEVALUE(SUBSTITUTE(_xlpm.horaTxt," hrs","")),TIME(9,0,0))),_xlpm.dias,(C54*(WEEKDAY(_xlpm.fechas,2)=1))+(D54*(WEEKDAY(_xlpm.fechas,2)=2))+(E54*(WEEKDAY(_xlpm.fechas,2)=3))+(F54*(WEEKDAY(_xlpm.fechas,2)=4))+(G54*(WEEKDAY(_xlpm.fechas,2)=5))+(H54*(WEEKDAY(_xlpm.fechas,2)=6))+(I54*(WEEKDAY(_xlpm.fechas,2)=7)),_xlpm.validas,_xlfn._xlws.FILTER(_xlpm.fechas,(_xlpm.dias>0)*((_xlpm.fechas+_xlpm.hora)>=(NOW()-TIME(0,3,0)))),_xlpm.prox,_xlfn.TAKE(_xlpm.validas,4),IF(_xlpm.activo<>"SI","Inactivo",IF(SUMPRODUCT(--C54:I54)=0,"Manual / cuando aplique",_xlfn.TEXTJOIN(CHAR(10),TRUE,_xlfn.MAP(_xlpm.prox,_xlfn.LAMBDA(_xlpm.f,CHOOSE(WEEKDAY(_xlpm.f),"domingo","lunes","martes","miércoles","jueves","viernes","sábado")&" "&TEXT(_xlpm.f,"dd")&"/"&CHOOSE(MONTH(_xlpm.f),"Ene","Feb","Mar","Abr","May","Jun","Jul","Ago","Sep","Oct","Nov","Dic")&"/"&TEXT(_xlpm.f,"yyyy")&" "&TEXT(_xlpm.hora,"hh:mm")&" hrs"))))))} -> Manual / cuando aplique | P54: Buenos días chicos,_x000D_ _x000D_ Como recordatorio, les pido de su amable apoyo para:_x000D_ _x000D_ * Lavar, secar y guardar los trastes que utilicen._x000D_ * Barrer la cocina y dejarla limpia para que la siguiente persona la encuentre en las mismas condiciones._x000D_ * Apagar todas las luces que no estén utilizando._x000D_ * Colocar las sillas del comedor en su lugar después de usarlas._x000D_ _x000D_ Muchas gracias por su colaboración para mantener la casa limpia y ordenada.
A55: ACME Residence 009 | B55: Lavandería - horario | C55: TRUE | D55: FALSE | E55: FALSE | F55: TRUE | G55: FALSE | H55: FALSE | I55: FALSE | J55: 19:00 hrs | K55: SI | L55: NO | M55: PENDING | O55: {=_xlfn.LET(_xlpm.activo,K55,_xlpm.horaTxt,J55,_xlpm.base,TODAY(),_xlpm.fechas,_xlpm.base+_xlfn.SEQUENCE(180,,0),_xlpm.hora,IF(ISNUMBER(_xlpm.horaTxt),_xlpm.horaTxt,IFERROR(TIMEVALUE(SUBSTITUTE(_xlpm.horaTxt," hrs","")),TIME(9,0,0))),_xlpm.dias,(C55*(WEEKDAY(_xlpm.fechas,2)=1))+(D55*(WEEKDAY(_xlpm.fechas,2)=2))+(E55*(WEEKDAY(_xlpm.fechas,2)=3))+(F55*(WEEKDAY(_xlpm.fechas,2)=4))+(G55*(WEEKDAY(_xlpm.fechas,2)=5))+(H55*(WEEKDAY(_xlpm.fechas,2)=6))+(I55*(WEEKDAY(_xlpm.fechas,2)=7)),_xlpm.validas,_xlfn._xlws.FILTER(_xlpm.fechas,(_xlpm.dias>0)*((_xlpm.fechas+_xlpm.hora)>=(NOW()-TIME(0,3,0)))),_xlpm.prox,_xlfn.TAKE(_xlpm.validas,4),IF(_xlpm.activo<>"SI","Inactivo",IF(SUMPRODUCT(--C55:I55)=0,"Manual / cuando aplique",_xlfn.TEXTJOIN(CHAR(10),TRUE,_xlfn.MAP(_xlpm.prox,_xlfn.LAMBDA(_xlpm.f,CHOOSE(WEEKDAY(_xlpm.f),"domingo","lunes","martes","miércoles","jueves","viernes","sábado")&" "&TEXT(_xlpm.f,"dd")&"/"&CHOOSE(MONTH(_xlpm.f),"Ene","Feb","Mar","Abr","May","Jun","Jul","Ago","Sep","Oct","Nov","Dic")&"/"&TEXT(_xlpm.f,"yyyy")&" "&TEXT(_xlpm.hora,"hh:mm")&" hrs"))))))} -> lunes 13/Jul/2026 19:00 hrs jueves 16/Jul/2026 19:00 hrs lunes 20/Jul/2026 19:00 hrs jueves 23/Jul/2026 19:00 hrs | P55: Buenas tardes, chicos._x000D_ _x000D_ Solo para confirmarles que el horario de lavado ya está disponible. Pueden utilizar la lavandería de 7:00 p. m. a 10:30 p. m._x000D_ _x000D_ Gracias.
A56: ACME Residence 009 | B56: Lavandería - filtro secadora | C56: TRUE | D56: FALSE | E56: FALSE | F56: TRUE | G56: FALSE | H56: FALSE | I56: FALSE | J56: 20:00 hrs | K56: SI | L56: NO | M56: PENDING | O56: {=_xlfn.LET(_xlpm.activo,K56,_xlpm.horaTxt,J56,_xlpm.base,TODAY(),_xlpm.fechas,_xlpm.base+_xlfn.SEQUENCE(180,,0),_xlpm.hora,IF(ISNUMBER(_xlpm.horaTxt),_xlpm.horaTxt,IFERROR(TIMEVALUE(SUBSTITUTE(_xlpm.horaTxt," hrs","")),TIME(9,0,0))),_xlpm.dias,(C56*(WEEKDAY(_xlpm.fechas,2)=1))+(D56*(WEEKDAY(_xlpm.fechas,2)=2))+(E56*(WEEKDAY(_xlpm.fechas,2)=3))+(F56*(WEEKDAY(_xlpm.fechas,2)=4))+(G56*(WEEKDAY(_xlpm.fechas,2)=5))+(H56*(WEEKDAY(_xlpm.fechas,2)=6))+(I56*(WEEKDAY(_xlpm.fechas,2)=7)),_xlpm.validas,_xlfn._xlws.FILTER(_xlpm.fechas,(_xlpm.dias>0)*((_xlpm.fechas+_xlpm.hora)>=(NOW()-TIME(0,3,0)))),_xlpm.prox,_xlfn.TAKE(_xlpm.validas,4),IF(_xlpm.activo<>"SI","Inactivo",IF(SUMPRODUCT(--C56:I56)=0,"Manual / cuando aplique",_xlfn.TEXTJOIN(CHAR(10),TRUE,_xlfn.MAP(_xlpm.prox,_xlfn.LAMBDA(_xlpm.f,CHOOSE(WEEKDAY(_xlpm.f),"domingo","lunes","martes","miércoles","jueves","viernes","sábado")&" "&TEXT(_xlpm.f,"dd")&"/"&CHOOSE(MONTH(_xlpm.f),"Ene","Feb","Mar","Abr","May","Jun","Jul","Ago","Sep","Oct","Nov","Dic")&"/"&TEXT(_xlpm.f,"yyyy")&" "&TEXT(_xlpm.hora,"hh:mm")&" hrs"))))))} -> lunes 13/Jul/2026 20:00 hrs jueves 16/Jul/2026 20:00 hrs lunes 20/Jul/2026 20:00 hrs jueves 23/Jul/2026 20:00 hrs | P56: Como recordatorio, les pido que después de utilizar la secadora limpien el filtro. Es importante cuidarla para mantenerla en buen funcionamiento y evitar daños._x000D_ _x000D_ Gracias por su apoyo.
A57: ACME Residence 009 | B57: Estufa y luces | C57: FALSE | D57: TRUE | E57: FALSE | F57: TRUE | G57: FALSE | H57: FALSE | I57: FALSE | J57: 21:00 hrs | K57: SI | L57: NO | M57: PENDING | O57: {=_xlfn.LET(_xlpm.activo,K57,_xlpm.horaTxt,J57,_xlpm.base,TODAY(),_xlpm.fechas,_xlpm.base+_xlfn.SEQUENCE(180,,0),_xlpm.hora,IF(ISNUMBER(_xlpm.horaTxt),_xlpm.horaTxt,IFERROR(TIMEVALUE(SUBSTITUTE(_xlpm.horaTxt," hrs","")),TIME(9,0,0))),_xlpm.dias,(C57*(WEEKDAY(_xlpm.fechas,2)=1))+(D57*(WEEKDAY(_xlpm.fechas,2)=2))+(E57*(WEEKDAY(_xlpm.fechas,2)=3))+(F57*(WEEKDAY(_xlpm.fechas,2)=4))+(G57*(WEEKDAY(_xlpm.fechas,2)=5))+(H57*(WEEKDAY(_xlpm.fechas,2)=6))+(I57*(WEEKDAY(_xlpm.fechas,2)=7)),_xlpm.validas,_xlfn._xlws.FILTER(_xlpm.fechas,(_xlpm.dias>0)*((_xlpm.fechas+_xlpm.hora)>=(NOW()-TIME(0,3,0)))),_xlpm.prox,_xlfn.TAKE(_xlpm.validas,4),IF(_xlpm.activo<>"SI","Inactivo",IF(SUMPRODUCT(--C57:I57)=0,"Manual / cuando aplique",_xlfn.TEXTJOIN(CHAR(10),TRUE,_xlfn.MAP(_xlpm.prox,_xlfn.LAMBDA(_xlpm.f,CHOOSE(WEEKDAY(_xlpm.f),"domingo","lunes","martes","miércoles","jueves","viernes","sábado")&" "&TEXT(_xlpm.f,"dd")&"/"&CHOOSE(MONTH(_xlpm.f),"Ene","Feb","Mar","Abr","May","Jun","Jul","Ago","Sep","Oct","Nov","Dic")&"/"&TEXT(_xlpm.f,"yyyy")&" "&TEXT(_xlpm.hora,"hh:mm")&" hrs"))))))} -> martes 14/Jul/2026 21:00 hrs jueves 16/Jul/2026 21:00 hrs martes 21/Jul/2026 21:00 hrs jueves 23/Jul/2026 21:00 hrs | P57: Buenas noches a todos, chicos._x000D_ _x000D_ Como recordatorio, les pido que antes de dormir verifiquen que la estufa esté completamente apagada para evitar accidentes. Asimismo, favor de apagar todas las luces que no se estén utilizando._x000D_ _x000D_ Gracias por su apoyo y que tengan una excelente noche.
A58: ACME Residence 009 | B58: Ruido fin de semana | C58: FALSE | D58: FALSE | E58: FALSE | F58: FALSE | G58: FALSE | H58: TRUE | I58: FALSE | J58: 21:00 hrs | K58: SI | L58: NO | M58: PENDING | O58: {=_xlfn.LET(_xlpm.activo,K58,_xlpm.horaTxt,J58,_xlpm.base,TODAY(),_xlpm.fechas,_xlpm.base+_xlfn.SEQUENCE(180,,0),_xlpm.hora,IF(ISNUMBER(_xlpm.horaTxt),_xlpm.horaTxt,IFERROR(TIMEVALUE(SUBSTITUTE(_xlpm.horaTxt," hrs","")),TIME(9,0,0))),_xlpm.dias,(C58*(WEEKDAY(_xlpm.fechas,2)=1))+(D58*(WEEKDAY(_xlpm.fechas,2)=2))+(E58*(WEEKDAY(_xlpm.fechas,2)=3))+(F58*(WEEKDAY(_xlpm.fechas,2)=4))+(G58*(WEEKDAY(_xlpm.fechas,2)=5))+(H58*(WEEKDAY(_xlpm.fechas,2)=6))+(I58*(WEEKDAY(_xlpm.fechas,2)=7)),_xlpm.validas,_xlfn._xlws.FILTER(_xlpm.fechas,(_xlpm.dias>0)*((_xlpm.fechas+_xlpm.hora)>=(NOW()-TIME(0,3,0)))),_xlpm.prox,_xlfn.TAKE(_xlpm.validas,4),IF(_xlpm.activo<>"SI","Inactivo",IF(SUMPRODUCT(--C58:I58)=0,"Manual / cuando aplique",_xlfn.TEXTJOIN(CHAR(10),TRUE,_xlfn.MAP(_xlpm.prox,_xlfn.LAMBDA(_xlpm.f,CHOOSE(WEEKDAY(_xlpm.f),"domingo","lunes","martes","miércoles","jueves","viernes","sábado")&" "&TEXT(_xlpm.f,"dd")&"/"&CHOOSE(MONTH(_xlpm.f),"Ene","Feb","Mar","Abr","May","Jun","Jul","Ago","Sep","Oct","Nov","Dic")&"/"&TEXT(_xlpm.f,"yyyy")&" "&TEXT(_xlpm.hora,"hh:mm")&" hrs"))))))} -> sábado 11/Jul/2026 21:00 hrs sábado 18/Jul/2026 21:00 hrs sábado 25/Jul/2026 21:00 hrs sábado 01/Ago/2026 21:00 hrs | P58: Buenas noches a todos, chicos._x000D_ _x000D_ Solo como recordatorio, al ser fin de semana les pedimos de la manera más amable que moderen el ruido. Sabemos que muchos aprovechan estos días, pero también hay personas que necesitan descansar después de una semana de trabajo._x000D_ _x000D_ Seamos considerados con los demás y ayudemos a mantener un ambiente tranquilo para todos._x000D_ _x000D_ Muchas gracias por su apoyo. ¡Que tengan una excelente noche!
A59: CASA / GRUPO: ACME Residence 010
A60: ACME Residence 010 | B60: Limpieza y orden | C60: FALSE | D60: FALSE | E60: FALSE | F60: FALSE | G60: FALSE | H60: FALSE | I60: FALSE | K60: SI | L60: NO | M60: PENDING | O60: {=_xlfn.LET(_xlpm.activo,K60,_xlpm.horaTxt,J60,_xlpm.base,TODAY(),_xlpm.fechas,_xlpm.base+_xlfn.SEQUENCE(180,,0),_xlpm.hora,IF(ISNUMBER(_xlpm.horaTxt),_xlpm.horaTxt,IFERROR(TIMEVALUE(SUBSTITUTE(_xlpm.horaTxt," hrs","")),TIME(9,0,0))),_xlpm.dias,(C60*(WEEKDAY(_xlpm.fechas,2)=1))+(D60*(WEEKDAY(_xlpm.fechas,2)=2))+(E60*(WEEKDAY(_xlpm.fechas,2)=3))+(F60*(WEEKDAY(_xlpm.fechas,2)=4))+(G60*(WEEKDAY(_xlpm.fechas,2)=5))+(H60*(WEEKDAY(_xlpm.fechas,2)=6))+(I60*(WEEKDAY(_xlpm.fechas,2)=7)),_xlpm.validas,_xlfn._xlws.FILTER(_xlpm.fechas,(_xlpm.dias>0)*((_xlpm.fechas+_xlpm.hora)>=(NOW()-TIME(0,3,0)))),_xlpm.prox,_xlfn.TAKE(_xlpm.validas,4),IF(_xlpm.activo<>"SI","Inactivo",IF(SUMPRODUCT(--C60:I60)=0,"Manual / cuando aplique",_xlfn.TEXTJOIN(CHAR(10),TRUE,_xlfn.MAP(_xlpm.prox,_xlfn.LAMBDA(_xlpm.f,CHOOSE(WEEKDAY(_xlpm.f),"domingo","lunes","martes","miércoles","jueves","viernes","sábado")&" "&TEXT(_xlpm.f,"dd")&"/"&CHOOSE(MONTH(_xlpm.f),"Ene","Feb","Mar","Abr","May","Jun","Jul","Ago","Sep","Oct","Nov","Dic")&"/"&TEXT(_xlpm.f,"yyyy")&" "&TEXT(_xlpm.hora,"hh:mm")&" hrs"))))))} -> Manual / cuando aplique | P60: Buenos días chicos,_x000D_ _x000D_ Como recordatorio, les pido de su amable apoyo para:_x000D_ _x000D_ * Lavar, secar y guardar los trastes que utilicen._x000D_ * Barrer la cocina y dejarla limpia para que la siguiente persona la encuentre en las mismas condiciones._x000D_ * Apagar todas las luces que no estén utilizando._x000D_ * Colocar las sillas del comedor en su lugar después de usarlas._x000D_ _x000D_ Muchas gracias por su colaboración para mantener la casa limpia y ordenada.
A61: ACME Residence 010 | B61: Lavandería - horario | C61: TRUE | D61: FALSE | E61: FALSE | F61: TRUE | G61: FALSE | H61: FALSE | I61: FALSE | J61: 19:00 hrs | K61: SI | L61: NO | M61: PENDING | O61: {=_xlfn.LET(_xlpm.activo,K61,_xlpm.horaTxt,J61,_xlpm.base,TODAY(),_xlpm.fechas,_xlpm.base+_xlfn.SEQUENCE(180,,0),_xlpm.hora,IF(ISNUMBER(_xlpm.horaTxt),_xlpm.horaTxt,IFERROR(TIMEVALUE(SUBSTITUTE(_xlpm.horaTxt," hrs","")),TIME(9,0,0))),_xlpm.dias,(C61*(WEEKDAY(_xlpm.fechas,2)=1))+(D61*(WEEKDAY(_xlpm.fechas,2)=2))+(E61*(WEEKDAY(_xlpm.fechas,2)=3))+(F61*(WEEKDAY(_xlpm.fechas,2)=4))+(G61*(WEEKDAY(_xlpm.fechas,2)=5))+(H61*(WEEKDAY(_xlpm.fechas,2)=6))+(I61*(WEEKDAY(_xlpm.fechas,2)=7)),_xlpm.validas,_xlfn._xlws.FILTER(_xlpm.fechas,(_xlpm.dias>0)*((_xlpm.fechas+_xlpm.hora)>=(NOW()-TIME(0,3,0)))),_xlpm.prox,_xlfn.TAKE(_xlpm.validas,4),IF(_xlpm.activo<>"SI","Inactivo",IF(SUMPRODUCT(--C61:I61)=0,"Manual / cuando aplique",_xlfn.TEXTJOIN(CHAR(10),TRUE,_xlfn.MAP(_xlpm.prox,_xlfn.LAMBDA(_xlpm.f,CHOOSE(WEEKDAY(_xlpm.f),"domingo","lunes","martes","miércoles","jueves","viernes","sábado")&" "&TEXT(_xlpm.f,"dd")&"/"&CHOOSE(MONTH(_xlpm.f),"Ene","Feb","Mar","Abr","May","Jun","Jul","Ago","Sep","Oct","Nov","Dic")&"/"&TEXT(_xlpm.f,"yyyy")&" "&TEXT(_xlpm.hora,"hh:mm")&" hrs"))))))} -> lunes 13/Jul/2026 19:00 hrs jueves 16/Jul/2026 19:00 hrs lunes 20/Jul/2026 19:00 hrs jueves 23/Jul/2026 19:00 hrs | P61: Buenas tardes, chicos._x000D_ _x000D_ Solo para confirmarles que el horario de lavado ya está disponible. Pueden utilizar la lavandería de 7:00 p. m. a 10:30 p. m._x000D_ _x000D_ Gracias.
A62: ACME Residence 010 | B62: Lavandería - filtro secadora | C62: TRUE | D62: FALSE | E62: FALSE | F62: TRUE | G62: FALSE | H62: FALSE | I62: FALSE | J62: 20:00 hrs | K62: SI | L62: NO | M62: PENDING | O62: {=_xlfn.LET(_xlpm.activo,K62,_xlpm.horaTxt,J62,_xlpm.base,TODAY(),_xlpm.fechas,_xlpm.base+_xlfn.SEQUENCE(180,,0),_xlpm.hora,IF(ISNUMBER(_xlpm.horaTxt),_xlpm.horaTxt,IFERROR(TIMEVALUE(SUBSTITUTE(_xlpm.horaTxt," hrs","")),TIME(9,0,0))),_xlpm.dias,(C62*(WEEKDAY(_xlpm.fechas,2)=1))+(D62*(WEEKDAY(_xlpm.fechas,2)=2))+(E62*(WEEKDAY(_xlpm.fechas,2)=3))+(F62*(WEEKDAY(_xlpm.fechas,2)=4))+(G62*(WEEKDAY(_xlpm.fechas,2)=5))+(H62*(WEEKDAY(_xlpm.fechas,2)=6))+(I62*(WEEKDAY(_xlpm.fechas,2)=7)),_xlpm.validas,_xlfn._xlws.FILTER(_xlpm.fechas,(_xlpm.dias>0)*((_xlpm.fechas+_xlpm.hora)>=(NOW()-TIME(0,3,0)))),_xlpm.prox,_xlfn.TAKE(_xlpm.validas,4),IF(_xlpm.activo<>"SI","Inactivo",IF(SUMPRODUCT(--C62:I62)=0,"Manual / cuando aplique",_xlfn.TEXTJOIN(CHAR(10),TRUE,_xlfn.MAP(_xlpm.prox,_xlfn.LAMBDA(_xlpm.f,CHOOSE(WEEKDAY(_xlpm.f),"domingo","lunes","martes","miércoles","jueves","viernes","sábado")&" "&TEXT(_xlpm.f,"dd")&"/"&CHOOSE(MONTH(_xlpm.f),"Ene","Feb","Mar","Abr","May","Jun","Jul","Ago","Sep","Oct","Nov","Dic")&"/"&TEXT(_xlpm.f,"yyyy")&" "&TEXT(_xlpm.hora,"hh:mm")&" hrs"))))))} -> lunes 13/Jul/2026 20:00 hrs jueves 16/Jul/2026 20:00 hrs lunes 20/Jul/2026 20:00 hrs jueves 23/Jul/2026 20:00 hrs | P62: Como recordatorio, les pido que después de utilizar la secadora limpien el filtro. Es importante cuidarla para mantenerla en buen funcionamiento y evitar daños._x000D_ _x000D_ Gracias por su apoyo.
A63: ACME Residence 010 | B63: Estufa y luces | C63: FALSE | D63: TRUE | E63: FALSE | F63: TRUE | G63: FALSE | H63: FALSE | I63: FALSE | J63: 21:00 hrs | K63: SI | L63: NO | M63: PENDING | O63: {=_xlfn.LET(_xlpm.activo,K63,_xlpm.horaTxt,J63,_xlpm.base,TODAY(),_xlpm.fechas,_xlpm.base+_xlfn.SEQUENCE(180,,0),_xlpm.hora,IF(ISNUMBER(_xlpm.horaTxt),_xlpm.horaTxt,IFERROR(TIMEVALUE(SUBSTITUTE(_xlpm.horaTxt," hrs","")),TIME(9,0,0))),_xlpm.dias,(C63*(WEEKDAY(_xlpm.fechas,2)=1))+(D63*(WEEKDAY(_xlpm.fechas,2)=2))+(E63*(WEEKDAY(_xlpm.fechas,2)=3))+(F63*(WEEKDAY(_xlpm.fechas,2)=4))+(G63*(WEEKDAY(_xlpm.fechas,2)=5))+(H63*(WEEKDAY(_xlpm.fechas,2)=6))+(I63*(WEEKDAY(_xlpm.fechas,2)=7)),_xlpm.validas,_xlfn._xlws.FILTER(_xlpm.fechas,(_xlpm.dias>0)*((_xlpm.fechas+_xlpm.hora)>=(NOW()-TIME(0,3,0)))),_xlpm.prox,_xlfn.TAKE(_xlpm.validas,4),IF(_xlpm.activo<>"SI","Inactivo",IF(SUMPRODUCT(--C63:I63)=0,"Manual / cuando aplique",_xlfn.TEXTJOIN(CHAR(10),TRUE,_xlfn.MAP(_xlpm.prox,_xlfn.LAMBDA(_xlpm.f,CHOOSE(WEEKDAY(_xlpm.f),"domingo","lunes","martes","miércoles","jueves","viernes","sábado")&" "&TEXT(_xlpm.f,"dd")&"/"&CHOOSE(MONTH(_xlpm.f),"Ene","Feb","Mar","Abr","May","Jun","Jul","Ago","Sep","Oct","Nov","Dic")&"/"&TEXT(_xlpm.f,"yyyy")&" "&TEXT(_xlpm.hora,"hh:mm")&" hrs"))))))} -> martes 14/Jul/2026 21:00 hrs jueves 16/Jul/2026 21:00 hrs martes 21/Jul/2026 21:00 hrs jueves 23/Jul/2026 21:00 hrs | P63: Buenas noches a todos, chicos._x000D_ _x000D_ Como recordatorio, les pido que antes de dormir verifiquen que la estufa esté completamente apagada para evitar accidentes. Asimismo, favor de apagar todas las luces que no se estén utilizando._x000D_ _x000D_ Gracias por su apoyo y que tengan una excelente noche.
A64: ACME Residence 010 | B64: Ruido fin de semana | C64: FALSE | D64: FALSE | E64: FALSE | F64: FALSE | G64: FALSE | H64: TRUE | I64: FALSE | J64: 21:00 hrs | K64: SI | L64: NO | M64: PENDING | O64: {=_xlfn.LET(_xlpm.activo,K64,_xlpm.horaTxt,J64,_xlpm.base,TODAY(),_xlpm.fechas,_xlpm.base+_xlfn.SEQUENCE(180,,0),_xlpm.hora,IF(ISNUMBER(_xlpm.horaTxt),_xlpm.horaTxt,IFERROR(TIMEVALUE(SUBSTITUTE(_xlpm.horaTxt," hrs","")),TIME(9,0,0))),_xlpm.dias,(C64*(WEEKDAY(_xlpm.fechas,2)=1))+(D64*(WEEKDAY(_xlpm.fechas,2)=2))+(E64*(WEEKDAY(_xlpm.fechas,2)=3))+(F64*(WEEKDAY(_xlpm.fechas,2)=4))+(G64*(WEEKDAY(_xlpm.fechas,2)=5))+(H64*(WEEKDAY(_xlpm.fechas,2)=6))+(I64*(WEEKDAY(_xlpm.fechas,2)=7)),_xlpm.validas,_xlfn._xlws.FILTER(_xlpm.fechas,(_xlpm.dias>0)*((_xlpm.fechas+_xlpm.hora)>=(NOW()-TIME(0,3,0)))),_xlpm.prox,_xlfn.TAKE(_xlpm.validas,4),IF(_xlpm.activo<>"SI","Inactivo",IF(SUMPRODUCT(--C64:I64)=0,"Manual / cuando aplique",_xlfn.TEXTJOIN(CHAR(10),TRUE,_xlfn.MAP(_xlpm.prox,_xlfn.LAMBDA(_xlpm.f,CHOOSE(WEEKDAY(_xlpm.f),"domingo","lunes","martes","miércoles","jueves","viernes","sábado")&" "&TEXT(_xlpm.f,"dd")&"/"&CHOOSE(MONTH(_xlpm.f),"Ene","Feb","Mar","Abr","May","Jun","Jul","Ago","Sep","Oct","Nov","Dic")&"/"&TEXT(_xlpm.f,"yyyy")&" "&TEXT(_xlpm.hora,"hh:mm")&" hrs"))))))} -> sábado 11/Jul/2026 21:00 hrs sábado 18/Jul/2026 21:00 hrs sábado 25/Jul/2026 21:00 hrs sábado 01/Ago/2026 21:00 hrs | P64: Buenas noches a todos, chicos._x000D_ _x000D_ Solo como recordatorio, al ser fin de semana les pedimos de la manera más amable que moderen el ruido. Sabemos que muchos aprovechan estos días, pero también hay personas que necesitan descansar después de una semana de trabajo._x000D_ _x000D_ Seamos considerados con los demás y ayudemos a mantener un ambiente tranquilo para todos._x000D_ _x000D_ Muchas gracias por su apoyo. ¡Que tengan una excelente noche!
A65: CASA / GRUPO: ACME Residence 011
A66: ACME Residence 011 | B66: Limpieza y orden | C66: FALSE | D66: FALSE | E66: FALSE | F66: FALSE | G66: FALSE | H66: FALSE | I66: FALSE | K66: SI | L66: NO | M66: PENDING | O66: {=_xlfn.LET(_xlpm.activo,K66,_xlpm.horaTxt,J66,_xlpm.base,TODAY(),_xlpm.fechas,_xlpm.base+_xlfn.SEQUENCE(180,,0),_xlpm.hora,IF(ISNUMBER(_xlpm.horaTxt),_xlpm.horaTxt,IFERROR(TIMEVALUE(SUBSTITUTE(_xlpm.horaTxt," hrs","")),TIME(9,0,0))),_xlpm.dias,(C66*(WEEKDAY(_xlpm.fechas,2)=1))+(D66*(WEEKDAY(_xlpm.fechas,2)=2))+(E66*(WEEKDAY(_xlpm.fechas,2)=3))+(F66*(WEEKDAY(_xlpm.fechas,2)=4))+(G66*(WEEKDAY(_xlpm.fechas,2)=5))+(H66*(WEEKDAY(_xlpm.fechas,2)=6))+(I66*(WEEKDAY(_xlpm.fechas,2)=7)),_xlpm.validas,_xlfn._xlws.FILTER(_xlpm.fechas,(_xlpm.dias>0)*((_xlpm.fechas+_xlpm.hora)>=(NOW()-TIME(0,3,0)))),_xlpm.prox,_xlfn.TAKE(_xlpm.validas,4),IF(_xlpm.activo<>"SI","Inactivo",IF(SUMPRODUCT(--C66:I66)=0,"Manual / cuando aplique",_xlfn.TEXTJOIN(CHAR(10),TRUE,_xlfn.MAP(_xlpm.prox,_xlfn.LAMBDA(_xlpm.f,CHOOSE(WEEKDAY(_xlpm.f),"domingo","lunes","martes","miércoles","jueves","viernes","sábado")&" "&TEXT(_xlpm.f,"dd")&"/"&CHOOSE(MONTH(_xlpm.f),"Ene","Feb","Mar","Abr","May","Jun","Jul","Ago","Sep","Oct","Nov","Dic")&"/"&TEXT(_xlpm.f,"yyyy")&" "&TEXT(_xlpm.hora,"hh:mm")&" hrs"))))))} -> Manual / cuando aplique | P66: Buenos días chicos,_x000D_ _x000D_ Como recordatorio, les pido de su amable apoyo para:_x000D_ _x000D_ * Lavar, secar y guardar los trastes que utilicen._x000D_ * Barrer la cocina y dejarla limpia para que la siguiente persona la encuentre en las mismas condiciones._x000D_ * Apagar todas las luces que no estén utilizando._x000D_ * Colocar las sillas del comedor en su lugar después de usarlas._x000D_ _x000D_ Muchas gracias por su colaboración para mantener la casa limpia y ordenada.
A67: ACME Residence 011 | B67: Lavandería - horario | C67: TRUE | D67: FALSE | E67: FALSE | F67: TRUE | G67: FALSE | H67: FALSE | I67: FALSE | J67: 19:00 hrs | K67: SI | L67: NO | M67: PENDING | O67: {=_xlfn.LET(_xlpm.activo,K67,_xlpm.horaTxt,J67,_xlpm.base,TODAY(),_xlpm.fechas,_xlpm.base+_xlfn.SEQUENCE(180,,0),_xlpm.hora,IF(ISNUMBER(_xlpm.horaTxt),_xlpm.horaTxt,IFERROR(TIMEVALUE(SUBSTITUTE(_xlpm.horaTxt," hrs","")),TIME(9,0,0))),_xlpm.dias,(C67*(WEEKDAY(_xlpm.fechas,2)=1))+(D67*(WEEKDAY(_xlpm.fechas,2)=2))+(E67*(WEEKDAY(_xlpm.fechas,2)=3))+(F67*(WEEKDAY(_xlpm.fechas,2)=4))+(G67*(WEEKDAY(_xlpm.fechas,2)=5))+(H67*(WEEKDAY(_xlpm.fechas,2)=6))+(I67*(WEEKDAY(_xlpm.fechas,2)=7)),_xlpm.validas,_xlfn._xlws.FILTER(_xlpm.fechas,(_xlpm.dias>0)*((_xlpm.fechas+_xlpm.hora)>=(NOW()-TIME(0,3,0)))),_xlpm.prox,_xlfn.TAKE(_xlpm.validas,4),IF(_xlpm.activo<>"SI","Inactivo",IF(SUMPRODUCT(--C67:I67)=0,"Manual / cuando aplique",_xlfn.TEXTJOIN(CHAR(10),TRUE,_xlfn.MAP(_xlpm.prox,_xlfn.LAMBDA(_xlpm.f,CHOOSE(WEEKDAY(_xlpm.f),"domingo","lunes","martes","miércoles","jueves","viernes","sábado")&" "&TEXT(_xlpm.f,"dd")&"/"&CHOOSE(MONTH(_xlpm.f),"Ene","Feb","Mar","Abr","May","Jun","Jul","Ago","Sep","Oct","Nov","Dic")&"/"&TEXT(_xlpm.f,"yyyy")&" "&TEXT(_xlpm.hora,"hh:mm")&" hrs"))))))} -> lunes 13/Jul/2026 19:00 hrs jueves 16/Jul/2026 19:00 hrs lunes 20/Jul/2026 19:00 hrs jueves 23/Jul/2026 19:00 hrs | P67: Buenas tardes, chicos._x000D_ _x000D_ Solo para confirmarles que el horario de lavado ya está disponible. Pueden utilizar la lavandería de 7:00 p. m. a 10:30 p. m._x000D_ _x000D_ Gracias.
A68: ACME Residence 011 | B68: Lavandería - filtro secadora | C68: TRUE | D68: FALSE | E68: FALSE | F68: TRUE | G68: FALSE | H68: FALSE | I68: FALSE | J68: 20:00 hrs | K68: SI | L68: NO | M68: PENDING | O68: {=_xlfn.LET(_xlpm.activo,K68,_xlpm.horaTxt,J68,_xlpm.base,TODAY(),_xlpm.fechas,_xlpm.base+_xlfn.SEQUENCE(180,,0),_xlpm.hora,IF(ISNUMBER(_xlpm.horaTxt),_xlpm.horaTxt,IFERROR(TIMEVALUE(SUBSTITUTE(_xlpm.horaTxt," hrs","")),TIME(9,0,0))),_xlpm.dias,(C68*(WEEKDAY(_xlpm.fechas,2)=1))+(D68*(WEEKDAY(_xlpm.fechas,2)=2))+(E68*(WEEKDAY(_xlpm.fechas,2)=3))+(F68*(WEEKDAY(_xlpm.fechas,2)=4))+(G68*(WEEKDAY(_xlpm.fechas,2)=5))+(H68*(WEEKDAY(_xlpm.fechas,2)=6))+(I68*(WEEKDAY(_xlpm.fechas,2)=7)),_xlpm.validas,_xlfn._xlws.FILTER(_xlpm.fechas,(_xlpm.dias>0)*((_xlpm.fechas+_xlpm.hora)>=(NOW()-TIME(0,3,0)))),_xlpm.prox,_xlfn.TAKE(_xlpm.validas,4),IF(_xlpm.activo<>"SI","Inactivo",IF(SUMPRODUCT(--C68:I68)=0,"Manual / cuando aplique",_xlfn.TEXTJOIN(CHAR(10),TRUE,_xlfn.MAP(_xlpm.prox,_xlfn.LAMBDA(_xlpm.f,CHOOSE(WEEKDAY(_xlpm.f),"domingo","lunes","martes","miércoles","jueves","viernes","sábado")&" "&TEXT(_xlpm.f,"dd")&"/"&CHOOSE(MONTH(_xlpm.f),"Ene","Feb","Mar","Abr","May","Jun","Jul","Ago","Sep","Oct","Nov","Dic")&"/"&TEXT(_xlpm.f,"yyyy")&" "&TEXT(_xlpm.hora,"hh:mm")&" hrs"))))))} -> lunes 13/Jul/2026 20:00 hrs jueves 16/Jul/2026 20:00 hrs lunes 20/Jul/2026 20:00 hrs jueves 23/Jul/2026 20:00 hrs | P68: Como recordatorio, les pido que después de utilizar la secadora limpien el filtro. Es importante cuidarla para mantenerla en buen funcionamiento y evitar daños._x000D_ _x000D_ Gracias por su apoyo.
A69: ACME Residence 011 | B69: Estufa y luces | C69: FALSE | D69: TRUE | E69: FALSE | F69: TRUE | G69: FALSE | H69: FALSE | I69: FALSE | J69: 21:00 hrs | K69: SI | L69: NO | M69: PENDING | O69: {=_xlfn.LET(_xlpm.activo,K69,_xlpm.horaTxt,J69,_xlpm.base,TODAY(),_xlpm.fechas,_xlpm.base+_xlfn.SEQUENCE(180,,0),_xlpm.hora,IF(ISNUMBER(_xlpm.horaTxt),_xlpm.horaTxt,IFERROR(TIMEVALUE(SUBSTITUTE(_xlpm.horaTxt," hrs","")),TIME(9,0,0))),_xlpm.dias,(C69*(WEEKDAY(_xlpm.fechas,2)=1))+(D69*(WEEKDAY(_xlpm.fechas,2)=2))+(E69*(WEEKDAY(_xlpm.fechas,2)=3))+(F69*(WEEKDAY(_xlpm.fechas,2)=4))+(G69*(WEEKDAY(_xlpm.fechas,2)=5))+(H69*(WEEKDAY(_xlpm.fechas,2)=6))+(I69*(WEEKDAY(_xlpm.fechas,2)=7)),_xlpm.validas,_xlfn._xlws.FILTER(_xlpm.fechas,(_xlpm.dias>0)*((_xlpm.fechas+_xlpm.hora)>=(NOW()-TIME(0,3,0)))),_xlpm.prox,_xlfn.TAKE(_xlpm.validas,4),IF(_xlpm.activo<>"SI","Inactivo",IF(SUMPRODUCT(--C69:I69)=0,"Manual / cuando aplique",_xlfn.TEXTJOIN(CHAR(10),TRUE,_xlfn.MAP(_xlpm.prox,_xlfn.LAMBDA(_xlpm.f,CHOOSE(WEEKDAY(_xlpm.f),"domingo","lunes","martes","miércoles","jueves","viernes","sábado")&" "&TEXT(_xlpm.f,"dd")&"/"&CHOOSE(MONTH(_xlpm.f),"Ene","Feb","Mar","Abr","May","Jun","Jul","Ago","Sep","Oct","Nov","Dic")&"/"&TEXT(_xlpm.f,"yyyy")&" "&TEXT(_xlpm.hora,"hh:mm")&" hrs"))))))} -> martes 14/Jul/2026 21:00 hrs jueves 16/Jul/2026 21:00 hrs martes 21/Jul/2026 21:00 hrs jueves 23/Jul/2026 21:00 hrs | P69: Buenas noches a todos, chicos._x000D_ _x000D_ Como recordatorio, les pido que antes de dormir verifiquen que la estufa esté completamente apagada para evitar accidentes. Asimismo, favor de apagar todas las luces que no se estén utilizando._x000D_ _x000D_ Gracias por su apoyo y que tengan una excelente noche.
A70: ACME Residence 011 | B70: Ruido fin de semana | C70: FALSE | D70: FALSE | E70: FALSE | F70: FALSE | G70: FALSE | H70: TRUE | I70: FALSE | J70: 21:00 hrs | K70: SI | L70: NO | M70: PENDING | O70: {=_xlfn.LET(_xlpm.activo,K70,_xlpm.horaTxt,J70,_xlpm.base,TODAY(),_xlpm.fechas,_xlpm.base+_xlfn.SEQUENCE(180,,0),_xlpm.hora,IF(ISNUMBER(_xlpm.horaTxt),_xlpm.horaTxt,IFERROR(TIMEVALUE(SUBSTITUTE(_xlpm.horaTxt," hrs","")),TIME(9,0,0))),_xlpm.dias,(C70*(WEEKDAY(_xlpm.fechas,2)=1))+(D70*(WEEKDAY(_xlpm.fechas,2)=2))+(E70*(WEEKDAY(_xlpm.fechas,2)=3))+(F70*(WEEKDAY(_xlpm.fechas,2)=4))+(G70*(WEEKDAY(_xlpm.fechas,2)=5))+(H70*(WEEKDAY(_xlpm.fechas,2)=6))+(I70*(WEEKDAY(_xlpm.fechas,2)=7)),_xlpm.validas,_xlfn._xlws.FILTER(_xlpm.fechas,(_xlpm.dias>0)*((_xlpm.fechas+_xlpm.hora)>=(NOW()-TIME(0,3,0)))),_xlpm.prox,_xlfn.TAKE(_xlpm.validas,4),IF(_xlpm.activo<>"SI","Inactivo",IF(SUMPRODUCT(--C70:I70)=0,"Manual / cuando aplique",_xlfn.TEXTJOIN(CHAR(10),TRUE,_xlfn.MAP(_xlpm.prox,_xlfn.LAMBDA(_xlpm.f,CHOOSE(WEEKDAY(_xlpm.f),"domingo","lunes","martes","miércoles","jueves","viernes","sábado")&" "&TEXT(_xlpm.f,"dd")&"/"&CHOOSE(MONTH(_xlpm.f),"Ene","Feb","Mar","Abr","May","Jun","Jul","Ago","Sep","Oct","Nov","Dic")&"/"&TEXT(_xlpm.f,"yyyy")&" "&TEXT(_xlpm.hora,"hh:mm")&" hrs"))))))} -> sábado 11/Jul/2026 21:00 hrs sábado 18/Jul/2026 21:00 hrs sábado 25/Jul/2026 21:00 hrs sábado 01/Ago/2026 21:00 hrs | P70: Buenas noches a todos, chicos._x000D_ _x000D_ Solo como recordatorio, al ser fin de semana les pedimos de la manera más amable que moderen el ruido. Sabemos que muchos aprovechan estos días, pero también hay personas que necesitan descansar después de una semana de trabajo._x000D_ _x000D_ Seamos considerados con los demás y ayudemos a mantener un ambiente tranquilo para todos._x000D_ _x000D_ Muchas gracias por su apoyo. ¡Que tengan una excelente noche!
A71: CASA / GRUPO: ACME Residence 012
A72: ACME Residence 012 | B72: Limpieza y orden | C72: FALSE | D72: FALSE | E72: FALSE | F72: FALSE | G72: FALSE | H72: FALSE | I72: FALSE | K72: SI | L72: NO | M72: PENDING | O72: {=_xlfn.LET(_xlpm.activo,K72,_xlpm.horaTxt,J72,_xlpm.base,TODAY(),_xlpm.fechas,_xlpm.base+_xlfn.SEQUENCE(180,,0),_xlpm.hora,IF(ISNUMBER(_xlpm.horaTxt),_xlpm.horaTxt,IFERROR(TIMEVALUE(SUBSTITUTE(_xlpm.horaTxt," hrs","")),TIME(9,0,0))),_xlpm.dias,(C72*(WEEKDAY(_xlpm.fechas,2)=1))+(D72*(WEEKDAY(_xlpm.fechas,2)=2))+(E72*(WEEKDAY(_xlpm.fechas,2)=3))+(F72*(WEEKDAY(_xlpm.fechas,2)=4))+(G72*(WEEKDAY(_xlpm.fechas,2)=5))+(H72*(WEEKDAY(_xlpm.fechas,2)=6))+(I72*(WEEKDAY(_xlpm.fechas,2)=7)),_xlpm.validas,_xlfn._xlws.FILTER(_xlpm.fechas,(_xlpm.dias>0)*((_xlpm.fechas+_xlpm.hora)>=(NOW()-TIME(0,3,0)))),_xlpm.prox,_xlfn.TAKE(_xlpm.validas,4),IF(_xlpm.activo<>"SI","Inactivo",IF(SUMPRODUCT(--C72:I72)=0,"Manual / cuando aplique",_xlfn.TEXTJOIN(CHAR(10),TRUE,_xlfn.MAP(_xlpm.prox,_xlfn.LAMBDA(_xlpm.f,CHOOSE(WEEKDAY(_xlpm.f),"domingo","lunes","martes","miércoles","jueves","viernes","sábado")&" "&TEXT(_xlpm.f,"dd")&"/"&CHOOSE(MONTH(_xlpm.f),"Ene","Feb","Mar","Abr","May","Jun","Jul","Ago","Sep","Oct","Nov","Dic")&"/"&TEXT(_xlpm.f,"yyyy")&" "&TEXT(_xlpm.hora,"hh:mm")&" hrs"))))))} -> Manual / cuando aplique | P72: Buenos días chicos,_x000D_ _x000D_ Como recordatorio, les pido de su amable apoyo para:_x000D_ _x000D_ * Lavar, secar y guardar los trastes que utilicen._x000D_ * Barrer la cocina y dejarla limpia para que la siguiente persona la encuentre en las mismas condiciones._x000D_ * Apagar todas las luces que no estén utilizando._x000D_ * Colocar las sillas del comedor en su lugar después de usarlas._x000D_ _x000D_ Muchas gracias por su colaboración para mantener la casa limpia y ordenada.
A73: ACME Residence 012 | B73: Lavandería - horario | C73: TRUE | D73: FALSE | E73: FALSE | F73: TRUE | G73: FALSE | H73: FALSE | I73: FALSE | J73: 19:00 hrs | K73: SI | L73: NO | M73: PENDING | O73: {=_xlfn.LET(_xlpm.activo,K73,_xlpm.horaTxt,J73,_xlpm.base,TODAY(),_xlpm.fechas,_xlpm.base+_xlfn.SEQUENCE(180,,0),_xlpm.hora,IF(ISNUMBER(_xlpm.horaTxt),_xlpm.horaTxt,IFERROR(TIMEVALUE(SUBSTITUTE(_xlpm.horaTxt," hrs","")),TIME(9,0,0))),_xlpm.dias,(C73*(WEEKDAY(_xlpm.fechas,2)=1))+(D73*(WEEKDAY(_xlpm.fechas,2)=2))+(E73*(WEEKDAY(_xlpm.fechas,2)=3))+(F73*(WEEKDAY(_xlpm.fechas,2)=4))+(G73*(WEEKDAY(_xlpm.fechas,2)=5))+(H73*(WEEKDAY(_xlpm.fechas,2)=6))+(I73*(WEEKDAY(_xlpm.fechas,2)=7)),_xlpm.validas,_xlfn._xlws.FILTER(_xlpm.fechas,(_xlpm.dias>0)*((_xlpm.fechas+_xlpm.hora)>=(NOW()-TIME(0,3,0)))),_xlpm.prox,_xlfn.TAKE(_xlpm.validas,4),IF(_xlpm.activo<>"SI","Inactivo",IF(SUMPRODUCT(--C73:I73)=0,"Manual / cuando aplique",_xlfn.TEXTJOIN(CHAR(10),TRUE,_xlfn.MAP(_xlpm.prox,_xlfn.LAMBDA(_xlpm.f,CHOOSE(WEEKDAY(_xlpm.f),"domingo","lunes","martes","miércoles","jueves","viernes","sábado")&" "&TEXT(_xlpm.f,"dd")&"/"&CHOOSE(MONTH(_xlpm.f),"Ene","Feb","Mar","Abr","May","Jun","Jul","Ago","Sep","Oct","Nov","Dic")&"/"&TEXT(_xlpm.f,"yyyy")&" "&TEXT(_xlpm.hora,"hh:mm")&" hrs"))))))} -> lunes 13/Jul/2026 19:00 hrs jueves 16/Jul/2026 19:00 hrs lunes 20/Jul/2026 19:00 hrs jueves 23/Jul/2026 19:00 hrs | P73: Buenas tardes, chicos._x000D_ _x000D_ Solo para confirmarles que el horario de lavado ya está disponible. Pueden utilizar la lavandería de 7:00 p. m. a 10:30 p. m._x000D_ _x000D_ Gracias.
A74: ACME Residence 012 | B74: Lavandería - filtro secadora | C74: TRUE | D74: FALSE | E74: FALSE | F74: TRUE | G74: FALSE | H74: FALSE | I74: FALSE | J74: 20:00 hrs | K74: SI | L74: NO | M74: PENDING | O74: {=_xlfn.LET(_xlpm.activo,K74,_xlpm.horaTxt,J74,_xlpm.base,TODAY(),_xlpm.fechas,_xlpm.base+_xlfn.SEQUENCE(180,,0),_xlpm.hora,IF(ISNUMBER(_xlpm.horaTxt),_xlpm.horaTxt,IFERROR(TIMEVALUE(SUBSTITUTE(_xlpm.horaTxt," hrs","")),TIME(9,0,0))),_xlpm.dias,(C74*(WEEKDAY(_xlpm.fechas,2)=1))+(D74*(WEEKDAY(_xlpm.fechas,2)=2))+(E74*(WEEKDAY(_xlpm.fechas,2)=3))+(F74*(WEEKDAY(_xlpm.fechas,2)=4))+(G74*(WEEKDAY(_xlpm.fechas,2)=5))+(H74*(WEEKDAY(_xlpm.fechas,2)=6))+(I74*(WEEKDAY(_xlpm.fechas,2)=7)),_xlpm.validas,_xlfn._xlws.FILTER(_xlpm.fechas,(_xlpm.dias>0)*((_xlpm.fechas+_xlpm.hora)>=(NOW()-TIME(0,3,0)))),_xlpm.prox,_xlfn.TAKE(_xlpm.validas,4),IF(_xlpm.activo<>"SI","Inactivo",IF(SUMPRODUCT(--C74:I74)=0,"Manual / cuando aplique",_xlfn.TEXTJOIN(CHAR(10),TRUE,_xlfn.MAP(_xlpm.prox,_xlfn.LAMBDA(_xlpm.f,CHOOSE(WEEKDAY(_xlpm.f),"domingo","lunes","martes","miércoles","jueves","viernes","sábado")&" "&TEXT(_xlpm.f,"dd")&"/"&CHOOSE(MONTH(_xlpm.f),"Ene","Feb","Mar","Abr","May","Jun","Jul","Ago","Sep","Oct","Nov","Dic")&"/"&TEXT(_xlpm.f,"yyyy")&" "&TEXT(_xlpm.hora,"hh:mm")&" hrs"))))))} -> lunes 13/Jul/2026 20:00 hrs jueves 16/Jul/2026 20:00 hrs lunes 20/Jul/2026 20:00 hrs jueves 23/Jul/2026 20:00 hrs | P74: Como recordatorio, les pido que después de utilizar la secadora limpien el filtro. Es importante cuidarla para mantenerla en buen funcionamiento y evitar daños._x000D_ _x000D_ Gracias por su apoyo.
A75: ACME Residence 012 | B75: Estufa y luces | C75: FALSE | D75: TRUE | E75: FALSE | F75: TRUE | G75: FALSE | H75: FALSE | I75: FALSE | J75: 21:00 hrs | K75: SI | L75: NO | M75: PENDING | O75: {=_xlfn.LET(_xlpm.activo,K75,_xlpm.horaTxt,J75,_xlpm.base,TODAY(),_xlpm.fechas,_xlpm.base+_xlfn.SEQUENCE(180,,0),_xlpm.hora,IF(ISNUMBER(_xlpm.horaTxt),_xlpm.horaTxt,IFERROR(TIMEVALUE(SUBSTITUTE(_xlpm.horaTxt," hrs","")),TIME(9,0,0))),_xlpm.dias,(C75*(WEEKDAY(_xlpm.fechas,2)=1))+(D75*(WEEKDAY(_xlpm.fechas,2)=2))+(E75*(WEEKDAY(_xlpm.fechas,2)=3))+(F75*(WEEKDAY(_xlpm.fechas,2)=4))+(G75*(WEEKDAY(_xlpm.fechas,2)=5))+(H75*(WEEKDAY(_xlpm.fechas,2)=6))+(I75*(WEEKDAY(_xlpm.fechas,2)=7)),_xlpm.validas,_xlfn._xlws.FILTER(_xlpm.fechas,(_xlpm.dias>0)*((_xlpm.fechas+_xlpm.hora)>=(NOW()-TIME(0,3,0)))),_xlpm.prox,_xlfn.TAKE(_xlpm.validas,4),IF(_xlpm.activo<>"SI","Inactivo",IF(SUMPRODUCT(--C75:I75)=0,"Manual / cuando aplique",_xlfn.TEXTJOIN(CHAR(10),TRUE,_xlfn.MAP(_xlpm.prox,_xlfn.LAMBDA(_xlpm.f,CHOOSE(WEEKDAY(_xlpm.f),"domingo","lunes","martes","miércoles","jueves","viernes","sábado")&" "&TEXT(_xlpm.f,"dd")&"/"&CHOOSE(MONTH(_xlpm.f),"Ene","Feb","Mar","Abr","May","Jun","Jul","Ago","Sep","Oct","Nov","Dic")&"/"&TEXT(_xlpm.f,"yyyy")&" "&TEXT(_xlpm.hora,"hh:mm")&" hrs"))))))} -> martes 14/Jul/2026 21:00 hrs jueves 16/Jul/2026 21:00 hrs martes 21/Jul/2026 21:00 hrs jueves 23/Jul/2026 21:00 hrs | P75: Buenas noches a todos, chicos._x000D_ _x000D_ Como recordatorio, les pido que antes de dormir verifiquen que la estufa esté completamente apagada para evitar accidentes. Asimismo, favor de apagar todas las luces que no se estén utilizando._x000D_ _x000D_ Gracias por su apoyo y que tengan una excelente noche.
A76: ACME Residence 012 | B76: Ruido fin de semana | C76: FALSE | D76: FALSE | E76: FALSE | F76: FALSE | G76: FALSE | H76: TRUE | I76: FALSE | J76: 21:00 hrs | K76: SI | L76: NO | M76: PENDING | O76: {=_xlfn.LET(_xlpm.activo,K76,_xlpm.horaTxt,J76,_xlpm.base,TODAY(),_xlpm.fechas,_xlpm.base+_xlfn.SEQUENCE(180,,0),_xlpm.hora,IF(ISNUMBER(_xlpm.horaTxt),_xlpm.horaTxt,IFERROR(TIMEVALUE(SUBSTITUTE(_xlpm.horaTxt," hrs","")),TIME(9,0,0))),_xlpm.dias,(C76*(WEEKDAY(_xlpm.fechas,2)=1))+(D76*(WEEKDAY(_xlpm.fechas,2)=2))+(E76*(WEEKDAY(_xlpm.fechas,2)=3))+(F76*(WEEKDAY(_xlpm.fechas,2)=4))+(G76*(WEEKDAY(_xlpm.fechas,2)=5))+(H76*(WEEKDAY(_xlpm.fechas,2)=6))+(I76*(WEEKDAY(_xlpm.fechas,2)=7)),_xlpm.validas,_xlfn._xlws.FILTER(_xlpm.fechas,(_xlpm.dias>0)*((_xlpm.fechas+_xlpm.hora)>=(NOW()-TIME(0,3,0)))),_xlpm.prox,_xlfn.TAKE(_xlpm.validas,4),IF(_xlpm.activo<>"SI","Inactivo",IF(SUMPRODUCT(--C76:I76)=0,"Manual / cuando aplique",_xlfn.TEXTJOIN(CHAR(10),TRUE,_xlfn.MAP(_xlpm.prox,_xlfn.LAMBDA(_xlpm.f,CHOOSE(WEEKDAY(_xlpm.f),"domingo","lunes","martes","miércoles","jueves","viernes","sábado")&" "&TEXT(_xlpm.f,"dd")&"/"&CHOOSE(MONTH(_xlpm.f),"Ene","Feb","Mar","Abr","May","Jun","Jul","Ago","Sep","Oct","Nov","Dic")&"/"&TEXT(_xlpm.f,"yyyy")&" "&TEXT(_xlpm.hora,"hh:mm")&" hrs"))))))} -> sábado 11/Jul/2026 21:00 hrs sábado 18/Jul/2026 21:00 hrs sábado 25/Jul/2026 21:00 hrs sábado 01/Ago/2026 21:00 hrs | P76: Buenas noches a todos, chicos._x000D_ _x000D_ Solo como recordatorio, al ser fin de semana les pedimos de la manera más amable que moderen el ruido. Sabemos que muchos aprovechan estos días, pero también hay personas que necesitan descansar después de una semana de trabajo._x000D_ _x000D_ Seamos considerados con los demás y ayudemos a mantener un ambiente tranquilo para todos._x000D_ _x000D_ Muchas gracias por su apoyo. ¡Que tengan una excelente noche!
A77: CASA / GRUPO: ACME Residence 013
A78: ACME Residence 013 | B78: Limpieza y orden | C78: FALSE | D78: FALSE | E78: FALSE | F78: FALSE | G78: FALSE | H78: FALSE | I78: FALSE | K78: SI | L78: NO | M78: PENDING | O78: {=_xlfn.LET(_xlpm.activo,K78,_xlpm.horaTxt,J78,_xlpm.base,TODAY(),_xlpm.fechas,_xlpm.base+_xlfn.SEQUENCE(180,,0),_xlpm.hora,IF(ISNUMBER(_xlpm.horaTxt),_xlpm.horaTxt,IFERROR(TIMEVALUE(SUBSTITUTE(_xlpm.horaTxt," hrs","")),TIME(9,0,0))),_xlpm.dias,(C78*(WEEKDAY(_xlpm.fechas,2)=1))+(D78*(WEEKDAY(_xlpm.fechas,2)=2))+(E78*(WEEKDAY(_xlpm.fechas,2)=3))+(F78*(WEEKDAY(_xlpm.fechas,2)=4))+(G78*(WEEKDAY(_xlpm.fechas,2)=5))+(H78*(WEEKDAY(_xlpm.fechas,2)=6))+(I78*(WEEKDAY(_xlpm.fechas,2)=7)),_xlpm.validas,_xlfn._xlws.FILTER(_xlpm.fechas,(_xlpm.dias>0)*((_xlpm.fechas+_xlpm.hora)>=(NOW()-TIME(0,3,0)))),_xlpm.prox,_xlfn.TAKE(_xlpm.validas,4),IF(_xlpm.activo<>"SI","Inactivo",IF(SUMPRODUCT(--C78:I78)=0,"Manual / cuando aplique",_xlfn.TEXTJOIN(CHAR(10),TRUE,_xlfn.MAP(_xlpm.prox,_xlfn.LAMBDA(_xlpm.f,CHOOSE(WEEKDAY(_xlpm.f),"domingo","lunes","martes","miércoles","jueves","viernes","sábado")&" "&TEXT(_xlpm.f,"dd")&"/"&CHOOSE(MONTH(_xlpm.f),"Ene","Feb","Mar","Abr","May","Jun","Jul","Ago","Sep","Oct","Nov","Dic")&"/"&TEXT(_xlpm.f,"yyyy")&" "&TEXT(_xlpm.hora,"hh:mm")&" hrs"))))))} -> Manual / cuando aplique | P78: Buenos días chicos,_x000D_ _x000D_ Como recordatorio, les pido de su amable apoyo para:_x000D_ _x000D_ * Lavar, secar y guardar los trastes que utilicen._x000D_ * Barrer la cocina y dejarla limpia para que la siguiente persona la encuentre en las mismas condiciones._x000D_ * Apagar todas las luces que no estén utilizando._x000D_ * Colocar las sillas del comedor en su lugar después de usarlas._x000D_ _x000D_ Muchas gracias por su colaboración para mantener la casa limpia y ordenada.
A79: ACME Residence 013 | B79: Lavandería - horario | C79: TRUE | D79: FALSE | E79: FALSE | F79: TRUE | G79: FALSE | H79: FALSE | I79: FALSE | J79: 19:00 hrs | K79: SI | L79: NO | M79: PENDING | O79: {=_xlfn.LET(_xlpm.activo,K79,_xlpm.horaTxt,J79,_xlpm.base,TODAY(),_xlpm.fechas,_xlpm.base+_xlfn.SEQUENCE(180,,0),_xlpm.hora,IF(ISNUMBER(_xlpm.horaTxt),_xlpm.horaTxt,IFERROR(TIMEVALUE(SUBSTITUTE(_xlpm.horaTxt," hrs","")),TIME(9,0,0))),_xlpm.dias,(C79*(WEEKDAY(_xlpm.fechas,2)=1))+(D79*(WEEKDAY(_xlpm.fechas,2)=2))+(E79*(WEEKDAY(_xlpm.fechas,2)=3))+(F79*(WEEKDAY(_xlpm.fechas,2)=4))+(G79*(WEEKDAY(_xlpm.fechas,2)=5))+(H79*(WEEKDAY(_xlpm.fechas,2)=6))+(I79*(WEEKDAY(_xlpm.fechas,2)=7)),_xlpm.validas,_xlfn._xlws.FILTER(_xlpm.fechas,(_xlpm.dias>0)*((_xlpm.fechas+_xlpm.hora)>=(NOW()-TIME(0,3,0)))),_xlpm.prox,_xlfn.TAKE(_xlpm.validas,4),IF(_xlpm.activo<>"SI","Inactivo",IF(SUMPRODUCT(--C79:I79)=0,"Manual / cuando aplique",_xlfn.TEXTJOIN(CHAR(10),TRUE,_xlfn.MAP(_xlpm.prox,_xlfn.LAMBDA(_xlpm.f,CHOOSE(WEEKDAY(_xlpm.f),"domingo","lunes","martes","miércoles","jueves","viernes","sábado")&" "&TEXT(_xlpm.f,"dd")&"/"&CHOOSE(MONTH(_xlpm.f),"Ene","Feb","Mar","Abr","May","Jun","Jul","Ago","Sep","Oct","Nov","Dic")&"/"&TEXT(_xlpm.f,"yyyy")&" "&TEXT(_xlpm.hora,"hh:mm")&" hrs"))))))} -> lunes 13/Jul/2026 19:00 hrs jueves 16/Jul/2026 19:00 hrs lunes 20/Jul/2026 19:00 hrs jueves 23/Jul/2026 19:00 hrs | P79: Buenas tardes, chicos._x000D_ _x000D_ Solo para confirmarles que el horario de lavado ya está disponible. Pueden utilizar la lavandería de 7:00 p. m. a 10:30 p. m._x000D_ _x000D_ Gracias.
A80: ACME Residence 013 | B80: Lavandería - filtro secadora | C80: TRUE | D80: FALSE | E80: FALSE | F80: TRUE | G80: FALSE | H80: FALSE | I80: FALSE | J80: 20:00 hrs | K80: SI | L80: NO | M80: PENDING | O80: {=_xlfn.LET(_xlpm.activo,K80,_xlpm.horaTxt,J80,_xlpm.base,TODAY(),_xlpm.fechas,_xlpm.base+_xlfn.SEQUENCE(180,,0),_xlpm.hora,IF(ISNUMBER(_xlpm.horaTxt),_xlpm.horaTxt,IFERROR(TIMEVALUE(SUBSTITUTE(_xlpm.horaTxt," hrs","")),TIME(9,0,0))),_xlpm.dias,(C80*(WEEKDAY(_xlpm.fechas,2)=1))+(D80*(WEEKDAY(_xlpm.fechas,2)=2))+(E80*(WEEKDAY(_xlpm.fechas,2)=3))+(F80*(WEEKDAY(_xlpm.fechas,2)=4))+(G80*(WEEKDAY(_xlpm.fechas,2)=5))+(H80*(WEEKDAY(_xlpm.fechas,2)=6))+(I80*(WEEKDAY(_xlpm.fechas,2)=7)),_xlpm.validas,_xlfn._xlws.FILTER(_xlpm.fechas,(_xlpm.dias>0)*((_xlpm.fechas+_xlpm.hora)>=(NOW()-TIME(0,3,0)))),_xlpm.prox,_xlfn.TAKE(_xlpm.validas,4),IF(_xlpm.activo<>"SI","Inactivo",IF(SUMPRODUCT(--C80:I80)=0,"Manual / cuando aplique",_xlfn.TEXTJOIN(CHAR(10),TRUE,_xlfn.MAP(_xlpm.prox,_xlfn.LAMBDA(_xlpm.f,CHOOSE(WEEKDAY(_xlpm.f),"domingo","lunes","martes","miércoles","jueves","viernes","sábado")&" "&TEXT(_xlpm.f,"dd")&"/"&CHOOSE(MONTH(_xlpm.f),"Ene","Feb","Mar","Abr","May","Jun","Jul","Ago","Sep","Oct","Nov","Dic")&"/"&TEXT(_xlpm.f,"yyyy")&" "&TEXT(_xlpm.hora,"hh:mm")&" hrs"))))))} -> lunes 13/Jul/2026 20:00 hrs jueves 16/Jul/2026 20:00 hrs lunes 20/Jul/2026 20:00 hrs jueves 23/Jul/2026 20:00 hrs | P80: Como recordatorio, les pido que después de utilizar la secadora limpien el filtro. Es importante cuidarla para mantenerla en buen funcionamiento y evitar daños._x000D_ _x000D_ Gracias por su apoyo.
A81: ACME Residence 013 | B81: Estufa y luces | C81: FALSE | D81: TRUE | E81: FALSE | F81: TRUE | G81: FALSE | H81: FALSE | I81: FALSE | J81: 21:00 hrs | K81: SI | L81: NO | M81: PENDING | O81: {=_xlfn.LET(_xlpm.activo,K81,_xlpm.horaTxt,J81,_xlpm.base,TODAY(),_xlpm.fechas,_xlpm.base+_xlfn.SEQUENCE(180,,0),_xlpm.hora,IF(ISNUMBER(_xlpm.horaTxt),_xlpm.horaTxt,IFERROR(TIMEVALUE(SUBSTITUTE(_xlpm.horaTxt," hrs","")),TIME(9,0,0))),_xlpm.dias,(C81*(WEEKDAY(_xlpm.fechas,2)=1))+(D81*(WEEKDAY(_xlpm.fechas,2)=2))+(E81*(WEEKDAY(_xlpm.fechas,2)=3))+(F81*(WEEKDAY(_xlpm.fechas,2)=4))+(G81*(WEEKDAY(_xlpm.fechas,2)=5))+(H81*(WEEKDAY(_xlpm.fechas,2)=6))+(I81*(WEEKDAY(_xlpm.fechas,2)=7)),_xlpm.validas,_xlfn._xlws.FILTER(_xlpm.fechas,(_xlpm.dias>0)*((_xlpm.fechas+_xlpm.hora)>=(NOW()-TIME(0,3,0)))),_xlpm.prox,_xlfn.TAKE(_xlpm.validas,4),IF(_xlpm.activo<>"SI","Inactivo",IF(SUMPRODUCT(--C81:I81)=0,"Manual / cuando aplique",_xlfn.TEXTJOIN(CHAR(10),TRUE,_xlfn.MAP(_xlpm.prox,_xlfn.LAMBDA(_xlpm.f,CHOOSE(WEEKDAY(_xlpm.f),"domingo","lunes","martes","miércoles","jueves","viernes","sábado")&" "&TEXT(_xlpm.f,"dd")&"/"&CHOOSE(MONTH(_xlpm.f),"Ene","Feb","Mar","Abr","May","Jun","Jul","Ago","Sep","Oct","Nov","Dic")&"/"&TEXT(_xlpm.f,"yyyy")&" "&TEXT(_xlpm.hora,"hh:mm")&" hrs"))))))} -> martes 14/Jul/2026 21:00 hrs jueves 16/Jul/2026 21:00 hrs martes 21/Jul/2026 21:00 hrs jueves 23/Jul/2026 21:00 hrs | P81: Buenas noches a todos, chicos._x000D_ _x000D_ Como recordatorio, les pido que antes de dormir verifiquen que la estufa esté completamente apagada para evitar accidentes. Asimismo, favor de apagar todas las luces que no se estén utilizando._x000D_ _x000D_ Gracias por su apoyo y que tengan una excelente noche.
A82: ACME Residence 013 | B82: Ruido fin de semana | C82: FALSE | D82: FALSE | E82: FALSE | F82: FALSE | G82: FALSE | H82: TRUE | I82: FALSE | J82: 21:00 hrs | K82: SI | L82: NO | M82: PENDING | O82: {=_xlfn.LET(_xlpm.activo,K82,_xlpm.horaTxt,J82,_xlpm.base,TODAY(),_xlpm.fechas,_xlpm.base+_xlfn.SEQUENCE(180,,0),_xlpm.hora,IF(ISNUMBER(_xlpm.horaTxt),_xlpm.horaTxt,IFERROR(TIMEVALUE(SUBSTITUTE(_xlpm.horaTxt," hrs","")),TIME(9,0,0))),_xlpm.dias,(C82*(WEEKDAY(_xlpm.fechas,2)=1))+(D82*(WEEKDAY(_xlpm.fechas,2)=2))+(E82*(WEEKDAY(_xlpm.fechas,2)=3))+(F82*(WEEKDAY(_xlpm.fechas,2)=4))+(G82*(WEEKDAY(_xlpm.fechas,2)=5))+(H82*(WEEKDAY(_xlpm.fechas,2)=6))+(I82*(WEEKDAY(_xlpm.fechas,2)=7)),_xlpm.validas,_xlfn._xlws.FILTER(_xlpm.fechas,(_xlpm.dias>0)*((_xlpm.fechas+_xlpm.hora)>=(NOW()-TIME(0,3,0)))),_xlpm.prox,_xlfn.TAKE(_xlpm.validas,4),IF(_xlpm.activo<>"SI","Inactivo",IF(SUMPRODUCT(--C82:I82)=0,"Manual / cuando aplique",_xlfn.TEXTJOIN(CHAR(10),TRUE,_xlfn.MAP(_xlpm.prox,_xlfn.LAMBDA(_xlpm.f,CHOOSE(WEEKDAY(_xlpm.f),"domingo","lunes","martes","miércoles","jueves","viernes","sábado")&" "&TEXT(_xlpm.f,"dd")&"/"&CHOOSE(MONTH(_xlpm.f),"Ene","Feb","Mar","Abr","May","Jun","Jul","Ago","Sep","Oct","Nov","Dic")&"/"&TEXT(_xlpm.f,"yyyy")&" "&TEXT(_xlpm.hora,"hh:mm")&" hrs"))))))} -> sábado 11/Jul/2026 21:00 hrs sábado 18/Jul/2026 21:00 hrs sábado 25/Jul/2026 21:00 hrs sábado 01/Ago/2026 21:00 hrs | P82: Buenas noches a todos, chicos._x000D_ _x000D_ Solo como recordatorio, al ser fin de semana les pedimos de la manera más amable que moderen el ruido. Sabemos que muchos aprovechan estos días, pero también hay personas que necesitan descansar después de una semana de trabajo._x000D_ _x000D_ Seamos considerados con los demás y ayudemos a mantener un ambiente tranquilo para todos._x000D_ _x000D_ Muchas gracias por su apoyo. ¡Que tengan una excelente noche!
A83: CASA / GRUPO: ACME Residence 014
A84: ACME Residence 014 | B84: Limpieza y orden | C84: FALSE | D84: FALSE | E84: FALSE | F84: FALSE | G84: FALSE | H84: FALSE | I84: FALSE | K84: SI | L84: NO | M84: PENDING | O84: {=_xlfn.LET(_xlpm.activo,K84,_xlpm.horaTxt,J84,_xlpm.base,TODAY(),_xlpm.fechas,_xlpm.base+_xlfn.SEQUENCE(180,,0),_xlpm.hora,IF(ISNUMBER(_xlpm.horaTxt),_xlpm.horaTxt,IFERROR(TIMEVALUE(SUBSTITUTE(_xlpm.horaTxt," hrs","")),TIME(9,0,0))),_xlpm.dias,(C84*(WEEKDAY(_xlpm.fechas,2)=1))+(D84*(WEEKDAY(_xlpm.fechas,2)=2))+(E84*(WEEKDAY(_xlpm.fechas,2)=3))+(F84*(WEEKDAY(_xlpm.fechas,2)=4))+(G84*(WEEKDAY(_xlpm.fechas,2)=5))+(H84*(WEEKDAY(_xlpm.fechas,2)=6))+(I84*(WEEKDAY(_xlpm.fechas,2)=7)),_xlpm.validas,_xlfn._xlws.FILTER(_xlpm.fechas,(_xlpm.dias>0)*((_xlpm.fechas+_xlpm.hora)>=(NOW()-TIME(0,3,0)))),_xlpm.prox,_xlfn.TAKE(_xlpm.validas,4),IF(_xlpm.activo<>"SI","Inactivo",IF(SUMPRODUCT(--C84:I84)=0,"Manual / cuando aplique",_xlfn.TEXTJOIN(CHAR(10),TRUE,_xlfn.MAP(_xlpm.prox,_xlfn.LAMBDA(_xlpm.f,CHOOSE(WEEKDAY(_xlpm.f),"domingo","lunes","martes","miércoles","jueves","viernes","sábado")&" "&TEXT(_xlpm.f,"dd")&"/"&CHOOSE(MONTH(_xlpm.f),"Ene","Feb","Mar","Abr","May","Jun","Jul","Ago","Sep","Oct","Nov","Dic")&"/"&TEXT(_xlpm.f,"yyyy")&" "&TEXT(_xlpm.hora,"hh:mm")&" hrs"))))))} -> Manual / cuando aplique | P84: Buenos días chicos,_x000D_ _x000D_ Como recordatorio, les pido de su amable apoyo para:_x000D_ _x000D_ * Lavar, secar y guardar los trastes que utilicen._x000D_ * Barrer la cocina y dejarla limpia para que la siguiente persona la encuentre en las mismas condiciones._x000D_ * Apagar todas las luces que no estén utilizando._x000D_ * Colocar las sillas del comedor en su lugar después de usarlas._x000D_ _x000D_ Muchas gracias por su colaboración para mantener la casa limpia y ordenada.
A85: ACME Residence 014 | B85: Lavandería - horario | C85: FALSE | D85: FALSE | E85: FALSE | F85: FALSE | G85: TRUE | H85: FALSE | I85: FALSE | J85: 13:24 hrs | K85: SI | L85: NO | M85: PENDING | O85: {=_xlfn.LET(_xlpm.activo,K85,_xlpm.horaTxt,J85,_xlpm.base,TODAY(),_xlpm.fechas,_xlpm.base+_xlfn.SEQUENCE(180,,0),_xlpm.hora,IF(ISNUMBER(_xlpm.horaTxt),_xlpm.horaTxt,IFERROR(TIMEVALUE(SUBSTITUTE(_xlpm.horaTxt," hrs","")),TIME(9,0,0))),_xlpm.dias,(C85*(WEEKDAY(_xlpm.fechas,2)=1))+(D85*(WEEKDAY(_xlpm.fechas,2)=2))+(E85*(WEEKDAY(_xlpm.fechas,2)=3))+(F85*(WEEKDAY(_xlpm.fechas,2)=4))+(G85*(WEEKDAY(_xlpm.fechas,2)=5))+(H85*(WEEKDAY(_xlpm.fechas,2)=6))+(I85*(WEEKDAY(_xlpm.fechas,2)=7)),_xlpm.validas,_xlfn._xlws.FILTER(_xlpm.fechas,(_xlpm.dias>0)*((_xlpm.fechas+_xlpm.hora)>=(NOW()-TIME(0,3,0)))),_xlpm.prox,_xlfn.TAKE(_xlpm.validas,4),IF(_xlpm.activo<>"SI","Inactivo",IF(SUMPRODUCT(--C85:I85)=0,"Manual / cuando aplique",_xlfn.TEXTJOIN(CHAR(10),TRUE,_xlfn.MAP(_xlpm.prox,_xlfn.LAMBDA(_xlpm.f,CHOOSE(WEEKDAY(_xlpm.f),"domingo","lunes","martes","miércoles","jueves","viernes","sábado")&" "&TEXT(_xlpm.f,"dd")&"/"&CHOOSE(MONTH(_xlpm.f),"Ene","Feb","Mar","Abr","May","Jun","Jul","Ago","Sep","Oct","Nov","Dic")&"/"&TEXT(_xlpm.f,"yyyy")&" "&TEXT(_xlpm.hora,"hh:mm")&" hrs"))))))} -> viernes 10/Jul/2026 13:24 hrs viernes 17/Jul/2026 13:24 hrs viernes 24/Jul/2026 13:24 hrs viernes 31/Jul/2026 13:24 hrs | P85: Buenas tardes, chicos._x000D_ _x000D_ Solo para confirmarles que el horario de lavado ya está disponible. Pueden utilizar la lavandería de 7:00 p. m. a 10:30 p. m._x000D_ _x000D_ Gracias.
A86: ACME Residence 014 | B86: Lavandería - filtro secadora | C86: FALSE | D86: FALSE | E86: FALSE | F86: FALSE | G86: TRUE | H86: FALSE | I86: FALSE | J86: 13:26 hrs | K86: SI | L86: NO | M86: PENDING | O86: {=_xlfn.LET(_xlpm.activo,K86,_xlpm.horaTxt,J86,_xlpm.base,TODAY(),_xlpm.fechas,_xlpm.base+_xlfn.SEQUENCE(180,,0),_xlpm.hora,IF(ISNUMBER(_xlpm.horaTxt),_xlpm.horaTxt,IFERROR(TIMEVALUE(SUBSTITUTE(_xlpm.horaTxt," hrs","")),TIME(9,0,0))),_xlpm.dias,(C86*(WEEKDAY(_xlpm.fechas,2)=1))+(D86*(WEEKDAY(_xlpm.fechas,2)=2))+(E86*(WEEKDAY(_xlpm.fechas,2)=3))+(F86*(WEEKDAY(_xlpm.fechas,2)=4))+(G86*(WEEKDAY(_xlpm.fechas,2)=5))+(H86*(WEEKDAY(_xlpm.fechas,2)=6))+(I86*(WEEKDAY(_xlpm.fechas,2)=7)),_xlpm.validas,_xlfn._xlws.FILTER(_xlpm.fechas,(_xlpm.dias>0)*((_xlpm.fechas+_xlpm.hora)>=(NOW()-TIME(0,3,0)))),_xlpm.prox,_xlfn.TAKE(_xlpm.validas,4),IF(_xlpm.activo<>"SI","Inactivo",IF(SUMPRODUCT(--C86:I86)=0,"Manual / cuando aplique",_xlfn.TEXTJOIN(CHAR(10),TRUE,_xlfn.MAP(_xlpm.prox,_xlfn.LAMBDA(_xlpm.f,CHOOSE(WEEKDAY(_xlpm.f),"domingo","lunes","martes","miércoles","jueves","viernes","sábado")&" "&TEXT(_xlpm.f,"dd")&"/"&CHOOSE(MONTH(_xlpm.f),"Ene","Feb","Mar","Abr","May","Jun","Jul","Ago","Sep","Oct","Nov","Dic")&"/"&TEXT(_xlpm.f,"yyyy")&" "&TEXT(_xlpm.hora,"hh:mm")&" hrs"))))))} -> viernes 10/Jul/2026 13:26 hrs viernes 17/Jul/2026 13:26 hrs viernes 24/Jul/2026 13:26 hrs viernes 31/Jul/2026 13:26 hrs | P86: Como recordatorio, les pido que después de utilizar la secadora limpien el filtro. Es importante cuidarla para mantenerla en buen funcionamiento y evitar daños._x000D_ _x000D_ Gracias por su apoyo.
A87: ACME Residence 014 | B87: Estufa y luces | C87: FALSE | D87: TRUE | E87: FALSE | F87: TRUE | G87: TRUE | H87: FALSE | I87: FALSE | J87: 13:27 hrs | K87: SI | L87: NO | M87: PENDING | O87: {=_xlfn.LET(_xlpm.activo,K87,_xlpm.horaTxt,J87,_xlpm.base,TODAY(),_xlpm.fechas,_xlpm.base+_xlfn.SEQUENCE(180,,0),_xlpm.hora,IF(ISNUMBER(_xlpm.horaTxt),_xlpm.horaTxt,IFERROR(TIMEVALUE(SUBSTITUTE(_xlpm.horaTxt," hrs","")),TIME(9,0,0))),_xlpm.dias,(C87*(WEEKDAY(_xlpm.fechas,2)=1))+(D87*(WEEKDAY(_xlpm.fechas,2)=2))+(E87*(WEEKDAY(_xlpm.fechas,2)=3))+(F87*(WEEKDAY(_xlpm.fechas,2)=4))+(G87*(WEEKDAY(_xlpm.fechas,2)=5))+(H87*(WEEKDAY(_xlpm.fechas,2)=6))+(I87*(WEEKDAY(_xlpm.fechas,2)=7)),_xlpm.validas,_xlfn._xlws.FILTER(_xlpm.fechas,(_xlpm.dias>0)*((_xlpm.fechas+_xlpm.hora)>=(NOW()-TIME(0,3,0)))),_xlpm.prox,_xlfn.TAKE(_xlpm.validas,4),IF(_xlpm.activo<>"SI","Inactivo",IF(SUMPRODUCT(--C87:I87)=0,"Manual / cuando aplique",_xlfn.TEXTJOIN(CHAR(10),TRUE,_xlfn.MAP(_xlpm.prox,_xlfn.LAMBDA(_xlpm.f,CHOOSE(WEEKDAY(_xlpm.f),"domingo","lunes","martes","miércoles","jueves","viernes","sábado")&" "&TEXT(_xlpm.f,"dd")&"/"&CHOOSE(MONTH(_xlpm.f),"Ene","Feb","Mar","Abr","May","Jun","Jul","Ago","Sep","Oct","Nov","Dic")&"/"&TEXT(_xlpm.f,"yyyy")&" "&TEXT(_xlpm.hora,"hh:mm")&" hrs"))))))} -> viernes 10/Jul/2026 13:27 hrs martes 14/Jul/2026 13:27 hrs jueves 16/Jul/2026 13:27 hrs viernes 17/Jul/2026 13:27 hrs | P87: Buenas noches a todos, chicos._x000D_ _x000D_ Como recordatorio, les pido que antes de dormir verifiquen que la estufa esté completamente apagada para evitar accidentes. Asimismo, favor de apagar todas las luces que no se estén utilizando._x000D_ _x000D_ Gracias por su apoyo y que tengan una excelente noche.
A88: ACME Residence 014 | B88: Ruido fin de semana | C88: FALSE | D88: FALSE | E88: FALSE | F88: FALSE | G88: FALSE | H88: TRUE | I88: FALSE | J88: 21:00 hrs | K88: SI | L88: NO | M88: PENDING | O88: {=_xlfn.LET(_xlpm.activo,K88,_xlpm.horaTxt,J88,_xlpm.base,TODAY(),_xlpm.fechas,_xlpm.base+_xlfn.SEQUENCE(180,,0),_xlpm.hora,IF(ISNUMBER(_xlpm.horaTxt),_xlpm.horaTxt,IFERROR(TIMEVALUE(SUBSTITUTE(_xlpm.horaTxt," hrs","")),TIME(9,0,0))),_xlpm.dias,(C88*(WEEKDAY(_xlpm.fechas,2)=1))+(D88*(WEEKDAY(_xlpm.fechas,2)=2))+(E88*(WEEKDAY(_xlpm.fechas,2)=3))+(F88*(WEEKDAY(_xlpm.fechas,2)=4))+(G88*(WEEKDAY(_xlpm.fechas,2)=5))+(H88*(WEEKDAY(_xlpm.fechas,2)=6))+(I88*(WEEKDAY(_xlpm.fechas,2)=7)),_xlpm.validas,_xlfn._xlws.FILTER(_xlpm.fechas,(_xlpm.dias>0)*((_xlpm.fechas+_xlpm.hora)>=(NOW()-TIME(0,3,0)))),_xlpm.prox,_xlfn.TAKE(_xlpm.validas,4),IF(_xlpm.activo<>"SI","Inactivo",IF(SUMPRODUCT(--C88:I88)=0,"Manual / cuando aplique",_xlfn.TEXTJOIN(CHAR(10),TRUE,_xlfn.MAP(_xlpm.prox,_xlfn.LAMBDA(_xlpm.f,CHOOSE(WEEKDAY(_xlpm.f),"domingo","lunes","martes","miércoles","jueves","viernes","sábado")&" "&TEXT(_xlpm.f,"dd")&"/"&CHOOSE(MONTH(_xlpm.f),"Ene","Feb","Mar","Abr","May","Jun","Jul","Ago","Sep","Oct","Nov","Dic")&"/"&TEXT(_xlpm.f,"yyyy")&" "&TEXT(_xlpm.hora,"hh:mm")&" hrs"))))))} -> sábado 11/Jul/2026 21:00 hrs sábado 18/Jul/2026 21:00 hrs sábado 25/Jul/2026 21:00 hrs sábado 01/Ago/2026 21:00 hrs | P88: Buenas noches a todos, chicos._x000D_ _x000D_ Solo como recordatorio, al ser fin de semana les pedimos de la manera más amable que moderen el ruido. Sabemos que muchos aprovechan estos días, pero también hay personas que necesitan descansar después de una semana de trabajo._x000D_ _x000D_ Seamos considerados con los demás y ayudemos a mantener un ambiente tranquilo para todos._x000D_ _x000D_ Muchas gracias por su apoyo. ¡Que tengan una excelente noche!

Sheet Resumen
A1: Resumen visual por casa
A3: Casa / Grupo | B3: Total | C3: Pendientes | D3: Enviados | E3: Errores | F3: Activos | G3: Manuales SI | H3: Última nota
A4: Departamento 510 | B4: =COUNTIF('Recordatorios Programados'!A:A,A4) -> 0 | C4: =COUNTIFS('Recordatorios Programados'!A:A,A4,'Recordatorios Programados'!G:G,"PENDIENTE") -> 0 | D4: =COUNTIFS('Recordatorios Programados'!A:A,A4,'Recordatorios Programados'!G:G,"ENVIADO") -> 0 | E4: =COUNTIFS('Recordatorios Programados'!A:A,A4,'Recordatorios Programados'!G:G,"ERROR") -> 0 | F4: =COUNTIFS('Recordatorios Programados'!A:A,A4,'Recordatorios Programados'!E:E,"SI") -> 0 | G4: =COUNTIFS('Recordatorios Programados'!A:A,A4,'Recordatorios Programados'!F:F,"SI") -> 0
A5: Basement 78 Sutherland | B5: =COUNTIF('Recordatorios Programados'!A:A,A5) -> 0 | C5: =COUNTIFS('Recordatorios Programados'!A:A,A5,'Recordatorios Programados'!G:G,"PENDIENTE") -> 0 | D5: =COUNTIFS('Recordatorios Programados'!A:A,A5,'Recordatorios Programados'!G:G,"ENVIADO") -> 0 | E5: =COUNTIFS('Recordatorios Programados'!A:A,A5,'Recordatorios Programados'!G:G,"ERROR") -> 0 | F5: =COUNTIFS('Recordatorios Programados'!A:A,A5,'Recordatorios Programados'!E:E,"SI") -> 0 | G5: =COUNTIFS('Recordatorios Programados'!A:A,A5,'Recordatorios Programados'!F:F,"SI") -> 0
A6: 11 Huntingwood | B6: =COUNTIF('Recordatorios Programados'!A:A,A6) -> 0 | C6: =COUNTIFS('Recordatorios Programados'!A:A,A6,'Recordatorios Programados'!G:G,"PENDIENTE") -> 0 | D6: =COUNTIFS('Recordatorios Programados'!A:A,A6,'Recordatorios Programados'!G:G,"ENVIADO") -> 0 | E6: =COUNTIFS('Recordatorios Programados'!A:A,A6,'Recordatorios Programados'!G:G,"ERROR") -> 0 | F6: =COUNTIFS('Recordatorios Programados'!A:A,A6,'Recordatorios Programados'!E:E,"SI") -> 0 | G6: =COUNTIFS('Recordatorios Programados'!A:A,A6,'Recordatorios Programados'!F:F,"SI") -> 0
A7: 14 Hayden Crt Brampton | B7: =COUNTIF('Recordatorios Programados'!A:A,A7) -> 0 | C7: =COUNTIFS('Recordatorios Programados'!A:A,A7,'Recordatorios Programados'!G:G,"PENDIENTE") -> 0 | D7: =COUNTIFS('Recordatorios Programados'!A:A,A7,'Recordatorios Programados'!G:G,"ENVIADO") -> 0 | E7: =COUNTIFS('Recordatorios Programados'!A:A,A7,'Recordatorios Programados'!G:G,"ERROR") -> 0 | F7: =COUNTIFS('Recordatorios Programados'!A:A,A7,'Recordatorios Programados'!E:E,"SI") -> 0 | G7: =COUNTIFS('Recordatorios Programados'!A:A,A7,'Recordatorios Programados'!F:F,"SI") -> 0
A8: 9 Sutherland Ave Brampton ON L6V 2H3 Canada | B8: =COUNTIF('Recordatorios Programados'!A:A,A8) -> 0 | C8: =COUNTIFS('Recordatorios Programados'!A:A,A8,'Recordatorios Programados'!G:G,"PENDIENTE") -> 0 | D8: =COUNTIFS('Recordatorios Programados'!A:A,A8,'Recordatorios Programados'!G:G,"ENVIADO") -> 0 | E8: =COUNTIFS('Recordatorios Programados'!A:A,A8,'Recordatorios Programados'!G:G,"ERROR") -> 0 | F8: =COUNTIFS('Recordatorios Programados'!A:A,A8,'Recordatorios Programados'!E:E,"SI") -> 0 | G8: =COUNTIFS('Recordatorios Programados'!A:A,A8,'Recordatorios Programados'!F:F,"SI") -> 0
A9: 116 Madoc | B9: =COUNTIF('Recordatorios Programados'!A:A,A9) -> 0 | C9: =COUNTIFS('Recordatorios Programados'!A:A,A9,'Recordatorios Programados'!G:G,"PENDIENTE") -> 0 | D9: =COUNTIFS('Recordatorios Programados'!A:A,A9,'Recordatorios Programados'!G:G,"ENVIADO") -> 0 | E9: =COUNTIFS('Recordatorios Programados'!A:A,A9,'Recordatorios Programados'!G:G,"ERROR") -> 0 | F9: =COUNTIFS('Recordatorios Programados'!A:A,A9,'Recordatorios Programados'!E:E,"SI") -> 0 | G9: =COUNTIFS('Recordatorios Programados'!A:A,A9,'Recordatorios Programados'!F:F,"SI") -> 0
A10: HOME 185 VODDEN ST E | B10: =COUNTIF('Recordatorios Programados'!A:A,A10) -> 0 | C10: =COUNTIFS('Recordatorios Programados'!A:A,A10,'Recordatorios Programados'!G:G,"PENDIENTE") -> 0 | D10: =COUNTIFS('Recordatorios Programados'!A:A,A10,'Recordatorios Programados'!G:G,"ENVIADO") -> 0 | E10: =COUNTIFS('Recordatorios Programados'!A:A,A10,'Recordatorios Programados'!G:G,"ERROR") -> 0 | F10: =COUNTIFS('Recordatorios Programados'!A:A,A10,'Recordatorios Programados'!E:E,"SI") -> 0 | G10: =COUNTIFS('Recordatorios Programados'!A:A,A10,'Recordatorios Programados'!F:F,"SI") -> 0
A11: 96 Sutherland | B11: =COUNTIF('Recordatorios Programados'!A:A,A11) -> 0 | C11: =COUNTIFS('Recordatorios Programados'!A:A,A11,'Recordatorios Programados'!G:G,"PENDIENTE") -> 0 | D11: =COUNTIFS('Recordatorios Programados'!A:A,A11,'Recordatorios Programados'!G:G,"ENVIADO") -> 0 | E11: =COUNTIFS('Recordatorios Programados'!A:A,A11,'Recordatorios Programados'!G:G,"ERROR") -> 0 | F11: =COUNTIFS('Recordatorios Programados'!A:A,A11,'Recordatorios Programados'!E:E,"SI") -> 0 | G11: =COUNTIFS('Recordatorios Programados'!A:A,A11,'Recordatorios Programados'!F:F,"SI") -> 0
A12: Departamento 303 | B12: =COUNTIF('Recordatorios Programados'!A:A,A12) -> 0 | C12: =COUNTIFS('Recordatorios Programados'!A:A,A12,'Recordatorios Programados'!G:G,"PENDIENTE") -> 0 | D12: =COUNTIFS('Recordatorios Programados'!A:A,A12,'Recordatorios Programados'!G:G,"ENVIADO") -> 0 | E12: =COUNTIFS('Recordatorios Programados'!A:A,A12,'Recordatorios Programados'!G:G,"ERROR") -> 0 | F12: =COUNTIFS('Recordatorios Programados'!A:A,A12,'Recordatorios Programados'!E:E,"SI") -> 0 | G12: =COUNTIFS('Recordatorios Programados'!A:A,A12,'Recordatorios Programados'!F:F,"SI") -> 0
A13: 45 Hansen Rd N #99 | B13: =COUNTIF('Recordatorios Programados'!A:A,A13) -> 0 | C13: =COUNTIFS('Recordatorios Programados'!A:A,A13,'Recordatorios Programados'!G:G,"PENDIENTE") -> 0 | D13: =COUNTIFS('Recordatorios Programados'!A:A,A13,'Recordatorios Programados'!G:G,"ENVIADO") -> 0 | E13: =COUNTIFS('Recordatorios Programados'!A:A,A13,'Recordatorios Programados'!G:G,"ERROR") -> 0 | F13: =COUNTIFS('Recordatorios Programados'!A:A,A13,'Recordatorios Programados'!E:E,"SI") -> 0 | G13: =COUNTIFS('Recordatorios Programados'!A:A,A13,'Recordatorios Programados'!F:F,"SI") -> 0
A14: 17 Hilldowntree | B14: =COUNTIF('Recordatorios Programados'!A:A,A14) -> 0 | C14: =COUNTIFS('Recordatorios Programados'!A:A,A14,'Recordatorios Programados'!G:G,"PENDIENTE") -> 0 | D14: =COUNTIFS('Recordatorios Programados'!A:A,A14,'Recordatorios Programados'!G:G,"ENVIADO") -> 0 | E14: =COUNTIFS('Recordatorios Programados'!A:A,A14,'Recordatorios Programados'!G:G,"ERROR") -> 0 | F14: =COUNTIFS('Recordatorios Programados'!A:A,A14,'Recordatorios Programados'!E:E,"SI") -> 0 | G14: =COUNTIFS('Recordatorios Programados'!A:A,A14,'Recordatorios Programados'!F:F,"SI") -> 0
A15: 26 Lincoln Brampton | B15: =COUNTIF('Recordatorios Programados'!A:A,A15) -> 0 | C15: =COUNTIFS('Recordatorios Programados'!A:A,A15,'Recordatorios Programados'!G:G,"PENDIENTE") -> 0 | D15: =COUNTIFS('Recordatorios Programados'!A:A,A15,'Recordatorios Programados'!G:G,"ENVIADO") -> 0 | E15: =COUNTIFS('Recordatorios Programados'!A:A,A15,'Recordatorios Programados'!G:G,"ERROR") -> 0 | F15: =COUNTIFS('Recordatorios Programados'!A:A,A15,'Recordatorios Programados'!E:E,"SI") -> 0 | G15: =COUNTIFS('Recordatorios Programados'!A:A,A15,'Recordatorios Programados'!F:F,"SI") -> 0
A16: 152 Royal Palm | B16: =COUNTIF('Recordatorios Programados'!A:A,A16) -> 0 | C16: =COUNTIFS('Recordatorios Programados'!A:A,A16,'Recordatorios Programados'!G:G,"PENDIENTE") -> 0 | D16: =COUNTIFS('Recordatorios Programados'!A:A,A16,'Recordatorios Programados'!G:G,"ENVIADO") -> 0 | E16: =COUNTIFS('Recordatorios Programados'!A:A,A16,'Recordatorios Programados'!G:G,"ERROR") -> 0 | F16: =COUNTIFS('Recordatorios Programados'!A:A,A16,'Recordatorios Programados'!E:E,"SI") -> 0 | G16: =COUNTIFS('Recordatorios Programados'!A:A,A16,'Recordatorios Programados'!F:F,"SI") -> 0

Sheet Mensajes Base
A1: Mensajes base
A3: Categoría | B3: Programación | C3: Hora | D3: Activo por defecto | E3: Mensaje
A4: Limpieza y orden | B4: Manual / cuando aplique | D4: SI | E4: Buenos días chicos,_x000D_ _x000D_ Como recordatorio, les pido de su amable apoyo para:_x000D_ _x000D_ * Lavar, secar y guardar los trastes que utilicen._x000D_ * Barrer la cocina y dejarla limpia para que la siguiente persona la encuentre en las mismas condiciones._x000D_ * Apagar todas las luces que no estén utilizando._x000D_ * Colocar las sillas del comedor en su lugar después de usarlas._x000D_ _x000D_ Muchas gracias por su colaboración para mantener la casa limpia y ordenada.
A5: Lavandería - horario | B5: Lunes y jueves | C5: 0.79166667 | D5: SI | E5: Buenas tardes, chicos._x000D_ _x000D_ Solo para confirmarles que el horario de lavado ya está disponible. Pueden utilizar la lavandería de 7:00 p. m. a 10:30 p. m._x000D_ _x000D_ Gracias.
A6: Lavandería - filtro secadora | B6: Lunes y jueves | C6: 0.83333333 | D6: SI | E6: Como recordatorio, les pido que después de utilizar la secadora limpien el filtro. Es importante cuidarla para mantenerla en buen funcionamiento y evitar daños._x000D_ _x000D_ Gracias por su apoyo.
A7: Estufa y luces | B7: Martes y jueves | C7: 0.875 | D7: SI | E7: Buenas noches a todos, chicos._x000D_ _x000D_ Como recordatorio, les pido que antes de dormir verifiquen que la estufa esté completamente apagada para evitar accidentes. Asimismo, favor de apagar todas las luces que no se estén utilizando._x000D_ _x000D_ Gracias por su apoyo y que tengan una excelente noche.
A8: Ruido fin de semana | B8: Cada dos sábados | C8: Noche | D8: SI | E8: Buenas noches a todos, chicos._x000D_ _x000D_ Solo como recordatorio, al ser fin de semana les pedimos de la manera más amable que moderen el ruido. Sabemos que muchos aprovechan estos días, pero también hay personas que necesitan descansar después de una semana de trabajo._x000D_ _x000D_ Seamos considerados con los demás y ayudemos a mantener un ambiente tranquilo para todos._x000D_ _x000D_ Muchas gracias por su apoyo. ¡Que tengan una excelente noche!

Sheet Ayuda
A1: Cómo usar este archivo
A3: Objetivo | B3: Este archivo es un panel visual para planear envíos programados por casa. No reemplaza todavía al archivo operativo de envío.
A4: Separación por casa | B4: Cada casa tiene una barra de color y debajo sus 5 recordatorios reales.
A5: Estado | B5: Usa PENDIENTE, ENVIADO, ERROR u OMITIDO para ver rápidamente qué pasó con cada recordatorio.
A6: Activo | B6: SI significa que ese recordatorio debería existir para automatización futura. NO significa que queda apagado.
A7: Enviar manual | B7: SI puede usarse más adelante para enviar manualmente desde el sistema actual.
A8: Programación | B8: Incluye lunes/jueves 7 PM, lunes/jueves 8 PM, martes/jueves 9 PM y cada dos sábados por la noche.
A9: Siguiente paso futuro | B9: Conectar este archivo a un modo automático en Node.js y al Programador de tareas de Windows.
A11: Último envío | B11: Registra aquí las últimas 2 fechas enviadas. El texto aparece tachado para indicar que ya ocurrió.
A12: Próximo envío | B12: Lista automáticamente los siguientes 4 envíos con formato: lunes 10/Jul/2026 13:00 hrs.

Sheet Listas
A1: 00:00 hrs
A2: 00:01 hrs
A3: 00:02 hrs
A4: 00:03 hrs
A5: 00:04 hrs
A6: 00:05 hrs
A7: 00:06 hrs
A8: 00:07 hrs
A9: 00:08 hrs
A10: 00:09 hrs
A11: 00:10 hrs
A12: 00:11 hrs
... A1440: 23:59 hrs
